# Blender v2.79 (sub 0) OBJ File: 'untitled.blend'
# www.blender.org
mtllib Empire Longsword.mtl
o Blade
v -0.079244 1.149646 0.000000
v -0.100000 1.713392 0.021414
v -0.100000 1.713392 -0.021288
v -0.100000 1.586016 0.000000
v -0.152492 1.222908 0.000000
v -0.080023 1.182991 0.000000
v -0.100000 1.268405 0.000000
v -0.097204 1.199664 0.000000
v -0.227869 1.672943 0.000000
v -0.227869 1.625525 0.000000
v -0.131967 1.616118 0.000000
v -0.163934 1.641517 0.000000
v -0.195902 1.642458 0.000000
v -0.195902 1.713392 0.011318
v -0.163934 1.724680 0.017474
v -0.131967 1.726562 0.019695
v -0.131967 1.726562 -0.019570
v -0.163934 1.724680 -0.017348
v -0.195902 1.713392 -0.011193
v -0.053231 1.149646 -0.024067
v -0.065986 1.713392 0.027307
v -0.054725 1.586016 0.024192
v -0.087644 1.222908 0.024192
v -0.053597 1.182991 0.024192
v -0.062983 1.268405 0.024192
v -0.061669 1.199664 0.024192
v -0.053231 1.149646 0.024192
v -0.065986 1.713392 -0.027181
v -0.054725 1.586016 -0.024067
v -0.087644 1.222908 -0.024067
v -0.053597 1.182991 -0.024067
v -0.062983 1.268405 -0.024067
v -0.061669 1.199664 -0.024067
v -0.100000 1.628475 0.024192
v -0.104505 1.694207 0.024192
v -0.104505 1.694207 -0.024067
v -0.100000 1.628475 -0.024067
v -0.131967 1.689747 0.024192
v -0.131967 1.652933 0.024192
v -0.163934 1.696959 0.024192
v -0.163934 1.669238 0.024192
v -0.195902 1.689747 0.024192
v -0.195902 1.666103 0.024192
v -0.131967 1.652933 -0.024067
v -0.131967 1.689747 -0.024067
v -0.163934 1.669238 -0.024067
v -0.163934 1.696959 -0.024067
v -0.195902 1.666103 -0.024067
v -0.195902 1.689747 -0.024067
v -0.082753 1.670934 -0.024067
v -0.057477 1.628475 -0.024067
v -0.082753 1.670934 0.024192
v -0.057477 1.628475 0.024192
v -0.014838 1.766858 0.028947
v -0.014838 1.766858 -0.028947
v -0.035908 1.740125 0.032728
v -0.035908 1.740125 -0.032728
v -0.078689 3.866865 0.000000
v -0.065986 1.713392 0.013872
v -0.100000 1.713392 0.000000
v -0.100000 1.766858 0.000000
v -0.087638 3.380275 0.000000
v -0.010632 3.380275 -0.019696
v -0.010632 3.380275 0.019696
v -0.065986 1.713392 -0.013872
v -0.035908 1.740125 0.015533
v -0.035908 1.740125 -0.015533
v -0.100000 1.740125 0.000000
v -0.014838 1.766858 0.019696
v -0.014838 1.766858 -0.019696
v 0.079244 1.149646 0.000000
v 0.100000 1.713392 0.021414
v 0.100000 1.713392 -0.021288
v 0.100000 1.586016 0.000000
v 0.152492 1.222908 0.000000
v 0.080023 1.182991 0.000000
v 0.100000 1.268405 0.000000
v 0.097204 1.199664 0.000000
v 0.000000 1.149646 -0.038565
v 0.227869 1.672943 0.000000
v 0.000000 1.149646 0.038565
v 0.227869 1.625525 0.000000
v 0.000000 1.713392 0.038565
v 0.000000 1.713392 -0.038565
v 0.000000 1.586016 -0.038565
v 0.000000 1.586016 0.038565
v 0.000000 1.222908 0.038565
v 0.000000 1.222908 -0.038565
v 0.000000 1.182991 -0.038565
v 0.000000 1.182991 0.038565
v 0.000000 1.268405 0.038565
v 0.000000 1.268405 -0.038565
v 0.000000 1.199664 -0.038565
v 0.000000 1.199664 0.038565
v 0.131967 1.616118 0.000000
v 0.163934 1.641517 0.000000
v 0.195902 1.642458 0.000000
v 0.195902 1.713392 0.011318
v 0.163934 1.724680 0.017474
v 0.131967 1.726562 0.019695
v 0.131967 1.726562 -0.019570
v 0.163934 1.724680 -0.017348
v 0.195902 1.713392 -0.011193
v 0.053231 1.149646 -0.024067
v 0.065986 1.713392 0.027307
v 0.054725 1.586016 0.024192
v 0.087644 1.222908 0.024192
v 0.053597 1.182991 0.024192
v 0.062983 1.268405 0.024192
v 0.061669 1.199664 0.024192
v 0.053231 1.149646 0.024192
v 0.065986 1.713392 -0.027181
v 0.054725 1.586016 -0.024067
v 0.087644 1.222908 -0.024067
v 0.053597 1.182991 -0.024067
v 0.062983 1.268405 -0.024067
v 0.061669 1.199664 -0.024067
v 0.100000 1.628475 0.024192
v 0.104505 1.694207 0.024192
v 0.104505 1.694207 -0.024067
v 0.100000 1.628475 -0.024067
v 0.000000 1.670934 -0.038565
v 0.000000 1.628475 -0.038565
v 0.000000 1.670934 0.038565
v 0.000000 1.628475 0.038565
v 0.131967 1.689747 0.024192
v 0.131967 1.652933 0.024192
v 0.163934 1.696959 0.024192
v 0.163934 1.669238 0.024192
v 0.195902 1.689747 0.024192
v 0.195902 1.666103 0.024192
v 0.131967 1.652933 -0.024067
v 0.131967 1.689747 -0.024067
v 0.163934 1.669238 -0.024067
v 0.163934 1.696959 -0.024067
v 0.195902 1.666103 -0.024067
v 0.195902 1.689747 -0.024067
v 0.082753 1.670934 -0.024067
v 0.057477 1.628475 -0.024067
v 0.082753 1.670934 0.024192
v 0.057477 1.628475 0.024192
v 0.000000 1.766858 0.028947
v 0.000000 1.766858 -0.028947
v 0.014838 1.766858 0.028947
v 0.014838 1.766858 -0.028947
v 0.000000 1.740125 0.038565
v 0.000000 1.740125 -0.038565
v 0.035908 1.740125 0.032728
v 0.035908 1.740125 -0.032728
v 0.078689 3.866865 0.000000
v 0.000000 4.194804 0.000000
v 0.065986 1.713392 0.013872
v 0.100000 1.713392 0.000000
v 0.100000 1.766858 0.000000
v 0.087638 3.380275 0.000000
v 0.000000 3.866865 0.019696
v 0.000000 3.380275 0.019696
v 0.000000 3.866865 -0.019696
v 0.000000 3.380275 -0.019696
v 0.010632 3.380275 -0.019696
v 0.010632 3.380275 0.019696
v 0.065986 1.713392 -0.013872
v 0.035908 1.740125 0.015533
v 0.035908 1.740125 -0.015533
v 0.000000 1.766858 0.019696
v 0.000000 1.766858 -0.019696
v 0.100000 1.740125 0.000000
v 0.014838 1.766858 0.019696
v 0.014838 1.766858 -0.019696
vt 0.911649 0.222978
vt 0.912974 0.731420
vt 0.916324 0.731420
vt 0.916324 0.222978
vt 0.916324 0.884760
vt 0.739113 0.731420
vt 0.739113 0.884760
vt 0.735763 0.731420
vt 0.739113 0.222978
vt 0.734437 0.222978
vt 0.921001 0.222978
vt 0.919675 0.731420
vt 0.742464 0.731420
vt 0.743790 0.222978
vt 0.713036 0.192749
vt 0.718319 0.206129
vt 0.707600 0.206129
vt 0.706181 0.200084
vt 0.677379 0.206129
vt 0.677379 0.206129
vt 0.667304 0.193382
vt 0.719266 0.065899
vt 0.721868 0.165989
vt 0.707600 0.165989
vt 0.707600 0.065899
vt 0.719680 0.044237
vt 0.711494 0.051561
vt 0.691058 0.051561
vt 0.708482 0.044237
vt 0.722339 0.028474
vt 0.722224 0.038982
vt 0.713896 0.038982
vt 0.714141 0.028474
vt 0.899434 0.038982
vt 0.896891 0.044237
vt 0.916324 0.044237
vt 0.916324 0.038982
vt 0.888705 0.051561
vt 0.896477 0.065899
vt 0.916324 0.065899
vt 0.916324 0.051561
vt 0.899550 0.028474
vt 0.916324 0.028474
vt 0.899079 0.165989
vt 0.916324 0.165989
vt 0.890247 0.192749
vt 0.895530 0.206129
vt 0.916324 0.206129
vt 0.916324 0.192749
vt 0.854590 0.191227
vt 0.854590 0.183776
vt 0.844516 0.178440
vt 0.677379 0.198678
vt 0.697527 0.210280
vt 0.697527 0.198678
vt 0.687452 0.209687
vt 0.687452 0.200951
vt 0.884811 0.179369
vt 0.884811 0.165989
vt 0.874737 0.175475
vt 0.874737 0.187077
vt 0.864663 0.183479
vt 0.864663 0.192215
vt 0.707600 0.206129
vt 0.697527 0.210280
vt 0.786149 0.007387
vt 0.786149 0.019760
vt 0.776075 0.019060
vt 0.776075 0.008087
vt 0.766001 0.017120
vt 0.766001 0.010027
vt 0.707600 0.206129
vt 0.718319 0.206129
vt 0.884811 0.206129
vt 0.884811 0.206129
vt 0.895530 0.206129
vt 0.883391 0.200084
vt 0.884811 0.065899
vt 0.885692 0.044237
vt 0.868269 0.051561
vt 0.891352 0.028474
vt 0.891107 0.038982
vt 0.739113 0.038982
vt 0.739113 0.044237
vt 0.739113 0.051561
vt 0.739113 0.065899
vt 0.739113 0.028474
vt 0.739113 0.165989
vt 0.739113 0.192749
vt 0.739113 0.206129
vt 0.739113 0.179369
vt 0.721000 0.179369
vt 0.898211 0.179369
vt 0.864663 0.209687
vt 0.864663 0.200951
vt 0.854590 0.198678
vt 0.854590 0.206129
vt 0.874737 0.210280
vt 0.874737 0.198678
vt 0.687452 0.183479
vt 0.687452 0.192215
vt 0.677379 0.191227
vt 0.677379 0.183776
vt 0.697527 0.175475
vt 0.697527 0.187077
vt 0.707600 0.179369
vt 0.667304 0.178440
vt 0.844516 0.193382
vt 0.916324 0.179369
vt 0.823060 0.022716
vt 0.816420 0.023907
vt 0.816420 0.018488
vt 0.823060 0.019800
vt 0.739113 0.214554
vt 0.739113 0.222978
vt 0.734437 0.222978
vt 0.727798 0.214554
vt 0.823060 0.004471
vt 0.827736 0.004471
vt 0.827736 0.007386
vt 0.823060 0.007386
vt 0.816420 0.003280
vt 0.816420 0.008698
vt 0.905009 0.214554
vt 0.911649 0.222978
vt 0.916324 0.222978
vt 0.916324 0.214554
vt 0.905009 0.214554
vt 0.727798 0.214554
vt 0.827736 0.022716
vt 0.827736 0.019800
vt 0.739113 0.988105
vt 0.714316 0.884760
vt 0.891339 0.884760
vt 0.916136 0.988105
vt 0.916136 0.884760
vt 0.711496 0.731420
vt 0.707600 0.222978
vt 0.888707 0.731420
vt 0.891527 0.884760
vt 0.884811 0.222978
vt 0.884811 0.214554
vt 0.707600 0.214554
vt 0.765192 0.192749
vt 0.772046 0.200084
vt 0.770627 0.206129
vt 0.759908 0.206129
vt 0.889471 0.010027
vt 0.899545 0.013593
vt 0.889471 0.017120
vt 0.758961 0.065899
vt 0.770627 0.065899
vt 0.770627 0.165989
vt 0.756359 0.165989
vt 0.758547 0.044237
vt 0.769746 0.044237
vt 0.787169 0.051561
vt 0.766733 0.051561
vt 0.755888 0.028474
vt 0.764086 0.028474
vt 0.764332 0.038982
vt 0.756004 0.038982
vt 0.933215 0.038982
vt 0.935759 0.044237
vt 0.943944 0.051561
vt 0.936173 0.065899
vt 0.933100 0.028474
vt 0.933570 0.165989
vt 0.942403 0.192749
vt 0.937119 0.206129
vt 0.978060 0.191227
vt 0.988134 0.178440
vt 0.978060 0.183776
vt 0.800849 0.198678
vt 0.810923 0.193382
vt 0.800849 0.206129
vt 0.780701 0.198678
vt 0.780701 0.210280
vt 0.790775 0.200951
vt 0.790775 0.209687
vt 0.947838 0.179369
vt 0.957912 0.187077
vt 0.957912 0.175475
vt 0.947838 0.165989
vt 0.967986 0.192215
vt 0.967986 0.183479
vt 0.780701 0.210280
vt 0.770627 0.206129
vt 0.869323 0.007387
vt 0.879397 0.008087
vt 0.879397 0.019060
vt 0.869323 0.019760
vt 0.770627 0.206129
vt 0.759908 0.206129
vt 0.937119 0.206129
vt 0.947838 0.206129
vt 0.947838 0.206129
vt 0.949257 0.200084
vt 0.947838 0.065899
vt 0.946957 0.044237
vt 0.964380 0.051561
vt 0.941297 0.028474
vt 0.941542 0.038982
vt 0.757226 0.179369
vt 0.934438 0.179369
vt 0.967986 0.209687
vt 0.978060 0.206129
vt 0.978060 0.198678
vt 0.967986 0.200951
vt 0.957912 0.210280
vt 0.957912 0.198678
vt 0.790775 0.183479
vt 0.800849 0.183776
vt 0.800849 0.191227
vt 0.790775 0.192215
vt 0.780701 0.175475
vt 0.780701 0.187077
vt 0.770627 0.179369
vt 0.810923 0.178440
vt 0.988134 0.193382
vt 0.832412 0.022716
vt 0.832412 0.019800
vt 0.839051 0.018488
vt 0.839051 0.023907
vt 0.750429 0.214554
vt 0.743790 0.222978
vt 0.832412 0.004471
vt 0.832412 0.007386
vt 0.839051 0.003280
vt 0.839051 0.008698
vt 0.927640 0.214554
vt 0.921001 0.222978
vt 0.927640 0.214554
vt 0.750429 0.214554
vt 0.763911 0.884760
vt 0.941122 0.884760
vt 0.916324 0.988105
vt 0.770627 0.222978
vt 0.766731 0.731420
vt 0.943942 0.731420
vt 0.947838 0.222978
vt 0.947838 0.214554
vt 0.770627 0.214554
vn 0.0000 0.0000 -1.0000
vn 0.0000 0.0000 1.0000
vn -0.0825 -0.0056 0.9966
vn -0.3410 0.5423 0.7678
vn 0.0809 0.6983 0.7112
vn -0.0353 0.0498 0.9981
vn -0.5384 0.7057 0.4605
vn -0.5382 0.7059 -0.4604
vn -0.9828 0.1844 -0.0012
vn -0.3250 0.0828 0.9421
vn -0.3153 -0.0662 0.9467
vn -0.8850 -0.4655 -0.0015
vn -0.9091 0.4166 -0.0015
vn -0.3474 -0.2764 0.8960
vn -0.3518 -0.1328 0.9266
vn -0.9948 -0.1022 -0.0006
vn -0.5897 -0.8076 -0.0014
vn -0.4816 -0.0067 0.8763
vn -0.4322 -0.1080 0.8953
vn -0.9254 -0.3789 -0.0016
vn -0.9998 -0.0172 -0.0013
vn -0.4323 -0.1078 -0.8952
vn -0.3476 -0.2760 -0.8961
vn 0.0000 -0.0845 -0.9964
vn 0.0000 -0.0312 -0.9995
vn -0.3511 -0.1326 -0.9269
vn -0.3251 0.0826 -0.9420
vn 0.0000 0.0278 -0.9996
vn 0.0000 -0.0280 -0.9996
vn -0.4815 -0.0067 -0.8764
vn 0.0000 -0.0015 -1.0000
vn -0.3155 -0.0659 -0.9466
vn 0.0000 -0.0026 -1.0000
vn -0.0831 -0.0056 -0.9965
vn -0.3420 0.5424 -0.7673
vn 0.0000 -0.0055 -1.0000
vn 0.0000 -0.0318 -0.9995
vn -0.2164 -0.2902 -0.9322
vn 0.2884 -0.9575 -0.0014
vn -0.5464 -0.8375 -0.0007
vn -0.3735 0.1906 0.9078
vn 0.1119 0.7830 0.6119
vn -0.0065 0.0660 0.9978
vn -0.1787 0.7856 0.5922
vn -0.0606 0.1506 0.9867
vn -0.2128 -0.2423 -0.9466
vn -0.6160 -0.7877 -0.0013
vn -0.1910 -0.2673 -0.9445
vn -0.3071 -0.9517 -0.0015
vn -0.0683 -0.2850 -0.9561
vn 0.0809 0.6984 -0.7111
vn 0.1119 0.7830 -0.6119
vn -0.1787 0.7856 -0.5922
vn -0.2085 0.6478 0.7327
vn -0.3822 0.7725 0.5071
vn -0.3822 0.7725 -0.5071
vn -0.0353 0.0498 -0.9981
vn 0.0000 -0.0309 0.9995
vn 0.0000 -0.0837 0.9965
vn 0.0000 -0.0277 0.9996
vn 0.0000 0.0275 0.9996
vn 0.0000 -0.0015 1.0000
vn 0.0000 -0.0025 1.0000
vn 0.0000 -0.0317 0.9995
vn 0.0000 -0.0048 1.0000
vn 0.0000 -0.0348 0.9994
vn -0.1953 -0.0939 0.9762
vn -0.1960 -0.0938 -0.9761
vn -0.0606 0.1506 -0.9867
vn -0.3726 0.1907 -0.9082
vn -0.0065 0.0660 -0.9978
vn -0.0686 -0.2860 0.9558
vn -0.2173 -0.2912 0.9316
vn -0.1917 -0.2682 0.9441
vn -0.2136 -0.2432 0.9461
vn 0.0000 -0.0351 -0.9994
vn -0.3743 0.7751 -0.5090
vn -0.5492 0.4679 -0.6924
vn -0.6264 0.4761 -0.6171
vn -0.3716 0.5134 -0.7735
vn 0.0000 0.1379 0.9904
vn 0.0000 0.8025 0.5966
vn -0.3743 0.7751 0.5090
vn -0.5488 0.4689 0.6920
vn 0.0000 0.7071 0.7071
vn -0.3716 0.5134 0.7735
vn -0.6264 0.4761 0.6171
vn 0.0000 0.8025 -0.5966
vn 0.0000 0.1371 -0.9905
vn 0.0000 0.7071 -0.7071
vn 0.0000 0.0323 0.9995
vn 0.0000 1.0000 0.0000
vn -0.9928 0.1193 0.0000
vn 0.0000 0.0323 -0.9995
vn -0.1220 0.0016 0.9925
vn -0.9999 0.0127 0.0000
vn -0.9994 0.0343 0.0000
vn -0.1220 0.0016 -0.9925
vn -0.9623 0.2720 0.0000
vn 0.0825 -0.0056 0.9966
vn 0.0353 0.0498 0.9981
vn -0.0809 0.6983 0.7112
vn 0.3410 0.5423 0.7678
vn 0.5384 0.7057 0.4605
vn 0.9828 0.1844 -0.0012
vn 0.5382 0.7059 -0.4604
vn 0.3250 0.0828 0.9421
vn 0.9091 0.4166 -0.0015
vn 0.8850 -0.4655 -0.0015
vn 0.3153 -0.0662 0.9467
vn 0.3474 -0.2764 0.8960
vn 0.5897 -0.8076 -0.0014
vn 0.9948 -0.1022 -0.0006
vn 0.3518 -0.1328 0.9266
vn 0.4816 -0.0067 0.8763
vn 0.9998 -0.0172 -0.0013
vn 0.9254 -0.3789 -0.0016
vn 0.4322 -0.1080 0.8953
vn 0.4323 -0.1078 -0.8952
vn 0.3476 -0.2760 -0.8961
vn 0.3511 -0.1326 -0.9269
vn 0.3251 0.0826 -0.9420
vn 0.4815 -0.0067 -0.8764
vn 0.3155 -0.0659 -0.9466
vn 0.0831 -0.0056 -0.9965
vn 0.3420 0.5424 -0.7673
vn 0.2164 -0.2902 -0.9322
vn 0.5464 -0.8375 -0.0007
vn -0.2884 -0.9575 -0.0014
vn 0.3735 0.1906 0.9078
vn 0.0065 0.0660 0.9978
vn -0.1119 0.7830 0.6119
vn 0.0606 0.1506 0.9867
vn 0.1787 0.7856 0.5922
vn 0.2128 -0.2423 -0.9466
vn 0.1910 -0.2673 -0.9445
vn 0.6160 -0.7877 -0.0013
vn 0.0683 -0.2850 -0.9561
vn 0.3071 -0.9517 -0.0015
vn -0.1119 0.7830 -0.6119
vn -0.0809 0.6984 -0.7111
vn 0.1787 0.7856 -0.5922
vn 0.2085 0.6478 0.7327
vn 0.3822 0.7725 0.5071
vn 0.3822 0.7725 -0.5071
vn 0.0353 0.0498 -0.9981
vn 0.1953 -0.0939 0.9762
vn 0.1960 -0.0938 -0.9761
vn 0.3726 0.1907 -0.9082
vn 0.0606 0.1506 -0.9867
vn 0.0065 0.0660 -0.9978
vn 0.2173 -0.2912 0.9316
vn 0.0686 -0.2860 0.9558
vn 0.1917 -0.2682 0.9441
vn 0.2136 -0.2432 0.9461
vn 0.3743 0.7751 -0.5090
vn 0.3716 0.5134 -0.7735
vn 0.6264 0.4761 -0.6171
vn 0.5492 0.4679 -0.6924
vn 0.5488 0.4689 0.6920
vn 0.3743 0.7751 0.5090
vn 0.3716 0.5134 0.7735
vn 0.6264 0.4761 0.6171
vn 0.9928 0.1193 0.0000
vn 0.9994 0.0343 0.0000
vn 0.9999 0.0127 0.0000
vn 0.1220 0.0016 0.9925
vn 0.1220 0.0016 -0.9925
vn 0.9623 0.2720 0.0000
usemtl Empire_Longsword
s off
f 70/1/1 63/2/1 159/3/1 166/4/1
f 63/2/1 158/5/1 159/3/1
f 157/6/2 156/7/2 64/8/2
f 165/9/2 157/6/2 64/8/2 69/10/2
f 169/11/1 166/4/1 159/3/1 160/12/1
f 160/12/1 159/3/1 158/5/1
f 157/6/2 161/13/2 156/7/2
f 165/9/2 168/14/2 161/13/2 157/6/2
s 1
f 52/15/3 21/16/4 2/17/5 35/18/6
f 14/19/7 19/20/8 9/21/9
f 25/22/10 22/23/11 4/24/12 7/25/13
f 26/26/14 23/27/15 5/28/16 8/29/17
f 27/30/18 24/31/19 6/32/20 1/33/21
f 23/27/15 25/22/10 7/25/13 5/28/16
f 24/31/19 26/26/14 8/29/17 6/32/20
f 31/34/22 33/35/23 93/36/24 89/37/25
f 30/38/26 32/39/27 92/40/28 88/41/29
f 20/42/30 31/34/22 89/37/25 79/43/31
f 33/35/23 30/38/26 88/41/29 93/36/24
f 32/39/27 29/44/32 85/45/33 92/40/28
f 50/46/34 28/47/35 84/48/36 122/49/37
f 48/50/38 13/51/39 10/52/40
f 42/53/41 14/19/7 9/21/9
f 35/18/6 2/17/5 16/54/42 38/55/43
f 38/55/43 16/54/42 15/56/44 40/57/45
f 40/57/45 15/56/44 14/19/7 42/53/41
f 37/58/46 4/59/12 11/60/47 44/61/48
f 44/61/48 11/60/47 12/62/49 46/63/50
f 46/63/50 12/62/49 13/51/39 48/50/38
f 2/17/5 3/64/51 17/65/52 16/54/42
f 16/66/42 17/67/52 18/68/53 15/69/44
f 15/69/44 18/68/53 19/70/8 14/71/7
f 3/64/51 2/17/5 60/72/54
f 2/17/5 21/16/4 59/73/55 60/72/54
f 28/47/35 3/74/51 60/75/54 65/76/56
f 36/77/57 3/74/51 28/47/35 50/46/34
f 7/78/13 4/59/12 29/44/32 32/39/27
f 8/79/17 5/80/16 30/38/26 33/35/23
f 1/81/21 6/82/20 31/34/22 20/42/30
f 5/80/16 7/78/13 32/39/27 30/38/26
f 6/82/20 8/79/17 33/35/23 31/34/22
f 90/83/58 94/84/59 26/26/14 24/31/19
f 87/85/60 91/86/61 25/22/10 23/27/15
f 81/87/62 90/83/58 24/31/19 27/30/18
f 94/84/59 87/85/60 23/27/15 26/26/14
f 91/86/61 86/88/63 22/23/11 25/22/10
f 124/89/64 83/90/65 21/16/4 52/15/3
f 86/88/63 125/91/66 53/92/67 22/23/11
f 125/91/66 124/89/64 52/15/3 53/92/67
f 4/59/12 37/58/46 51/93/68 29/44/32
f 37/58/46 36/77/57 50/46/34 51/93/68
f 18/94/53 47/95/69 49/96/70 19/97/8
f 47/95/69 46/63/50 48/50/38 49/96/70
f 17/98/52 45/99/71 47/95/69 18/94/53
f 45/99/71 44/61/48 46/63/50 47/95/69
f 3/74/51 36/77/57 45/99/71 17/98/52
f 36/77/57 37/58/46 44/61/48 45/99/71
f 12/100/49 41/101/72 43/102/73 13/103/39
f 41/101/72 40/57/45 42/53/41 43/102/73
f 11/104/47 39/105/74 41/101/72 12/100/49
f 39/105/74 38/55/43 40/57/45 41/101/72
f 4/24/12 34/106/75 39/105/74 11/104/47
f 34/106/75 35/18/6 38/55/43 39/105/74
f 13/103/39 43/102/73 10/107/40
f 43/102/73 42/53/41 9/21/9 10/107/40
f 19/97/8 49/96/70 9/108/9
f 49/96/70 48/50/38 10/52/40 9/108/9
f 29/44/32 51/93/68 123/109/76 85/45/33
f 51/93/68 50/46/34 122/49/37 123/109/76
f 22/23/11 53/92/67 34/106/75 4/24/12
f 53/92/67 52/15/3 35/18/6 34/106/75
f 55/110/77 57/111/78 67/112/79 70/113/80
f 146/114/81 142/115/82 54/116/83 56/117/84
f 54/118/83 142/119/82 165/120/85 69/121/86
f 56/122/84 54/118/83 69/121/86 66/123/87
f 57/124/78 55/125/77 143/126/88 147/127/89
f 28/47/35 57/124/78 147/127/89 84/48/36
f 57/124/78 28/47/35 65/76/56 67/128/79
f 21/16/4 56/117/84 66/129/87 59/73/55
f 83/90/65 146/114/81 56/117/84 21/16/4
f 143/130/88 55/110/77 70/113/80 166/131/90
f 156/7/91 151/132/92 58/133/93
f 58/134/93 151/135/92 158/136/94
f 69/10/86 64/8/95 62/137/96 61/138/97
f 64/8/95 156/7/91 58/133/93 62/137/96
f 62/139/96 58/140/93 158/5/94 63/2/98
f 61/141/97 62/139/96 63/2/98 70/1/80
f 68/142/99 61/141/97 70/1/80 67/128/79
f 66/129/87 69/10/86 61/138/97 68/143/99
f 59/73/55 66/129/87 68/143/99 60/72/54
f 60/75/54 68/142/99 67/128/79 65/76/56
f 140/144/100 119/145/101 72/146/102 105/147/103
f 98/148/104 80/149/105 103/150/106
f 109/151/107 77/152/108 74/153/109 106/154/110
f 110/155/111 78/156/112 75/157/113 107/158/114
f 111/159/115 71/160/116 76/161/117 108/162/118
f 107/158/114 75/157/113 77/152/108 109/151/107
f 108/162/118 76/161/117 78/156/112 110/155/111
f 115/163/119 89/37/25 93/36/24 117/164/120
f 114/165/121 88/41/29 92/40/28 116/166/122
f 104/167/123 79/43/31 89/37/25 115/163/119
f 117/164/120 93/36/24 88/41/29 114/165/121
f 116/166/122 92/40/28 85/45/33 113/168/124
f 138/169/125 122/49/37 84/48/36 112/170/126
f 136/171/127 82/172/128 97/173/129
f 130/174/130 80/175/105 98/176/104
f 119/145/101 126/177/131 100/178/132 72/146/102
f 126/177/131 128/179/133 99/180/134 100/178/132
f 128/179/133 130/174/130 98/176/104 99/180/134
f 121/181/135 132/182/136 95/183/137 74/184/109
f 132/182/136 134/185/138 96/186/139 95/183/137
f 134/185/138 136/171/127 97/173/129 96/186/139
f 72/146/102 100/178/132 101/187/140 73/188/141
f 100/189/132 99/190/134 102/191/142 101/192/140
f 99/190/134 98/148/104 103/150/106 102/191/142
f 73/188/141 153/193/143 72/146/102
f 72/146/102 153/193/143 152/194/144 105/147/103
f 112/170/126 162/195/145 153/196/143 73/197/141
f 120/198/146 138/169/125 112/170/126 73/197/141
f 77/199/108 116/166/122 113/168/124 74/184/109
f 78/200/112 117/164/120 114/165/121 75/201/113
f 71/202/116 104/167/123 115/163/119 76/203/117
f 75/201/113 114/165/121 116/166/122 77/199/108
f 76/203/117 115/163/119 117/164/120 78/200/112
f 90/83/58 108/162/118 110/155/111 94/84/59
f 87/85/60 107/158/114 109/151/107 91/86/61
f 81/87/62 111/159/115 108/162/118 90/83/58
f 94/84/59 110/155/111 107/158/114 87/85/60
f 91/86/61 109/151/107 106/154/110 86/88/63
f 124/89/64 140/144/100 105/147/103 83/90/65
f 86/88/63 106/154/110 141/204/147 125/91/66
f 125/91/66 141/204/147 140/144/100 124/89/64
f 74/184/109 113/168/124 139/205/148 121/181/135
f 121/181/135 139/205/148 138/169/125 120/198/146
f 102/206/142 103/207/106 137/208/149 135/209/150
f 135/209/150 137/208/149 136/171/127 134/185/138
f 101/210/140 102/206/142 135/209/150 133/211/151
f 133/211/151 135/209/150 134/185/138 132/182/136
f 73/197/141 101/210/140 133/211/151 120/198/146
f 120/198/146 133/211/151 132/182/136 121/181/135
f 96/212/139 97/213/129 131/214/152 129/215/153
f 129/215/153 131/214/152 130/174/130 128/179/133
f 95/216/137 96/212/139 129/215/153 127/217/154
f 127/217/154 129/215/153 128/179/133 126/177/131
f 74/153/109 95/216/137 127/217/154 118/218/155
f 118/218/155 127/217/154 126/177/131 119/145/101
f 97/213/129 82/219/128 131/214/152
f 131/214/152 82/219/128 80/175/105 130/174/130
f 103/207/106 80/220/105 137/208/149
f 137/208/149 80/220/105 82/172/128 136/171/127
f 113/168/124 85/45/33 123/109/76 139/205/148
f 139/205/148 123/109/76 122/49/37 138/169/125
f 106/154/110 74/153/109 118/218/155 141/204/147
f 141/204/147 118/218/155 119/145/101 140/144/100
f 145/221/156 169/222/157 164/223/158 149/224/159
f 146/114/81 148/225/160 144/226/161 142/115/82
f 144/227/161 168/228/162 165/120/85 142/119/82
f 148/229/160 163/230/163 168/228/162 144/227/161
f 149/231/159 147/127/89 143/126/88 145/232/156
f 112/170/126 84/48/36 147/127/89 149/231/159
f 149/231/159 164/233/158 162/195/145 112/170/126
f 105/147/103 152/194/144 163/234/163 148/225/160
f 83/90/65 105/147/103 148/225/160 146/114/81
f 143/130/88 166/131/90 169/222/157 145/221/156
f 156/7/91 150/235/164 151/132/92
f 150/236/164 158/5/94 151/237/92
f 168/14/162 154/238/165 155/239/166 161/13/167
f 161/13/167 155/239/166 150/235/164 156/7/91
f 155/240/166 160/12/168 158/5/94 150/236/164
f 154/241/165 169/11/157 160/12/168 155/240/166
f 167/242/169 164/233/158 169/11/157 154/241/165
f 163/234/163 167/243/169 154/238/165 168/14/162
f 152/194/144 153/193/143 167/243/169 163/234/163
f 153/196/143 162/195/145 164/233/158 167/242/169
o Grip
v 0.000000 0.528697 -0.053282
v 0.000000 0.752407 -0.053282
v 0.037676 0.752407 -0.037676
v 0.037676 0.528697 -0.037676
v 0.053282 0.752407 0.000000
v 0.053282 0.528697 0.000000
v 0.037676 0.752407 0.037676
v 0.037676 0.528697 0.037676
v -0.000000 0.752407 0.053282
v -0.000000 0.528697 0.053282
v -0.037676 0.752407 0.037676
v -0.037676 0.528697 0.037676
v -0.053282 0.752407 -0.000000
v -0.053282 0.528697 -0.000000
v -0.037676 0.752407 -0.037676
v -0.037676 0.528697 -0.037676
v 0.036228 0.257484 -0.036228
v 0.051234 0.257484 0.000000
v 0.036228 0.257484 0.036228
v -0.000000 0.257484 0.051234
v -0.036228 0.257484 0.036228
v -0.051234 0.257484 -0.000000
v -0.036228 0.257484 -0.036228
v 0.000000 0.257484 -0.051234
v -0.000000 1.011750 -0.047619
v 0.033671 1.011750 -0.033671
v 0.047619 1.011750 0.000000
v 0.033671 1.011750 0.033671
v -0.000000 1.011750 0.047619
v -0.033671 1.011750 0.033671
v -0.047619 1.011750 -0.000000
v -0.033671 1.011750 -0.033671
v -0.000000 1.011750 0.061442
v -0.000000 1.028933 0.060361
v 0.043446 1.011750 0.043446
v 0.042682 1.028933 0.042682
v 0.061442 1.011750 0.000000
v 0.060361 1.028933 0.000000
v 0.043446 1.011750 -0.043446
v 0.042682 1.028933 -0.042682
v 0.000000 0.214161 -0.056337
v 0.039836 0.214161 -0.039836
v 0.040628 0.232553 -0.040628
v 0.056337 0.214161 0.000000
v 0.057456 0.232553 0.000000
v 0.039836 0.214161 0.039836
v 0.040628 0.232553 0.040628
v -0.000000 0.214161 0.056337
v -0.000000 0.232553 0.057456
v -0.039836 0.214161 0.039836
v -0.040628 0.232553 0.040628
v -0.056337 0.214161 -0.000000
v -0.057456 0.232553 -0.000000
v -0.039836 0.214161 -0.039836
v -0.040628 0.232553 -0.040628
v 0.000000 0.232553 -0.057456
v 0.000000 0.257484 -0.058983
v 0.041708 0.257484 -0.041708
v 0.058983 0.257484 0.000000
v 0.041708 0.257484 0.041708
v -0.000000 0.257484 0.058983
v -0.041708 0.257484 0.041708
v -0.058983 0.257484 -0.000000
v -0.041708 0.257484 -0.041708
v 0.000000 0.214161 -0.062052
v 0.043877 0.214161 -0.043877
v 0.044749 0.232553 -0.044749
v 0.062052 0.214161 0.000000
v 0.063285 0.232553 0.000000
v 0.043877 0.214161 0.043877
v 0.044749 0.232553 0.044749
v -0.000000 0.214161 0.062052
v -0.000000 0.232553 0.063285
v -0.043877 0.214161 0.043877
v -0.044749 0.232553 0.044749
v -0.062052 0.214161 -0.000000
v -0.063285 0.232553 -0.000000
v -0.043877 0.214161 -0.043877
v -0.044749 0.232553 -0.044749
v 0.000000 0.232553 -0.063285
v 0.035453 1.066942 -0.035453
v 0.000000 1.066942 -0.050138
v 0.000000 1.028933 -0.052204
v 0.050138 1.066942 0.000000
v 0.035453 1.066942 0.035453
v -0.000000 1.066942 0.050138
v -0.035453 1.066942 0.035453
v -0.050138 1.066942 -0.000000
v -0.035453 1.066942 -0.035453
v 0.036914 1.028933 -0.036914
v 0.037575 1.011750 -0.037575
v 0.052204 1.028933 0.000000
v 0.053139 1.011750 0.000000
v 0.036914 1.028933 0.036914
v 0.037575 1.011750 0.037575
v -0.000000 1.028933 0.052204
v -0.000000 1.011750 0.053139
v -0.036914 1.028933 0.036914
v -0.037575 1.011750 0.037575
v -0.052204 1.028933 -0.000000
v -0.053139 1.011750 -0.000000
v -0.036914 1.028933 -0.036914
v -0.037575 1.011750 -0.037575
v 0.000000 1.011750 -0.053139
v -0.042682 1.028933 0.042682
v -0.043446 1.011750 0.043446
v -0.060361 1.028933 -0.000000
v -0.061442 1.011750 -0.000000
v -0.042682 1.028933 -0.042682
v -0.043446 1.011750 -0.043446
v 0.000000 1.011750 -0.061442
v 0.000000 1.028933 -0.060361
v 0.000000 0.528697 -0.069081
v 0.000000 0.752407 -0.069081
v 0.048848 0.752407 -0.048848
v 0.048848 0.528697 -0.048848
v 0.069081 0.752407 0.000000
v 0.069081 0.528697 0.000000
v 0.048848 0.752407 0.048848
v 0.048848 0.528697 0.048848
v -0.000000 0.752407 0.069081
v -0.000000 0.528697 0.069081
v -0.048848 0.752407 0.048848
v -0.048848 0.528697 0.048848
v -0.069081 0.752407 -0.000000
v -0.069081 0.528697 -0.000000
v -0.048848 0.752407 -0.048848
v -0.048848 0.528697 -0.048848
v 0.000000 0.588212 -0.069081
v 0.048848 0.588212 -0.048848
v 0.069081 0.588212 0.000000
v 0.048848 0.588212 0.048848
v -0.000000 0.588212 0.069081
v -0.048848 0.588212 0.048848
v -0.069081 0.588212 -0.000000
v -0.048848 0.588212 -0.048848
v 0.048848 0.568374 -0.048848
v 0.048848 0.548535 -0.048848
v 0.069081 0.568374 0.000000
v 0.069081 0.548535 0.000000
v 0.048848 0.568374 0.048848
v 0.048848 0.548535 0.048848
v -0.000000 0.568374 0.069081
v -0.000000 0.548535 0.069081
v -0.048848 0.568374 0.048848
v -0.048848 0.548535 0.048848
v -0.069081 0.568374 -0.000000
v -0.069081 0.548535 -0.000000
v -0.048848 0.568374 -0.048848
v -0.048848 0.548535 -0.048848
v 0.000000 0.548535 -0.069081
v 0.000000 0.568374 -0.069081
v 0.040850 0.568374 -0.040850
v 0.040850 0.548535 -0.040850
v 0.057770 0.568374 0.000000
v 0.057770 0.548535 0.000000
v 0.040850 0.568374 0.040850
v 0.040850 0.548535 0.040850
v -0.000000 0.568374 0.057770
v -0.000000 0.548535 0.057770
v -0.040850 0.568374 0.040850
v -0.040850 0.548535 0.040850
v -0.057770 0.568374 -0.000000
v -0.057770 0.548535 -0.000000
v -0.040850 0.568374 -0.040850
v -0.040850 0.548535 -0.040850
v -0.000000 0.548535 -0.057770
v -0.000000 0.568374 -0.057770
v 0.000000 0.202211 -0.028212
v 0.019949 0.202211 -0.019949
v 0.028212 0.202211 0.000000
v 0.019949 0.202211 0.019949
v -0.000000 0.202211 0.028212
v -0.019949 0.202211 0.019949
v -0.028212 0.202211 -0.000000
v -0.019949 0.202211 -0.019949
v 0.000000 0.202211 -0.032479
v -0.022966 0.202211 -0.022966
v 0.032479 0.202211 0.000000
v 0.022966 0.202211 -0.022966
v -0.000000 0.202211 0.032479
v 0.022966 0.202211 0.022966
v -0.032479 0.202211 -0.000000
v -0.022966 0.202211 0.022966
vt 0.566034 0.389412
vt 0.574539 0.368879
vt 0.572159 0.366499
vt 0.562668 0.389412
vt 0.574539 0.409945
vt 0.572159 0.412326
vt 0.595072 0.418450
vt 0.595072 0.421816
vt 0.615605 0.409945
vt 0.617985 0.412326
vt 0.663343 0.460759
vt 0.686318 0.451242
vt 0.693131 0.458055
vt 0.663343 0.470393
vt 0.654989 0.282855
vt 0.632013 0.273338
vt 0.625201 0.280150
vt 0.654989 0.292489
vt 0.663343 0.395775
vt 0.640368 0.405292
vt 0.633555 0.398479
vt 0.663343 0.386141
vt 0.677964 0.273338
vt 0.684776 0.280150
vt 0.632013 0.227387
vt 0.654989 0.217871
vt 0.654989 0.208236
vt 0.625201 0.220575
vt 0.695835 0.428267
vt 0.705469 0.428267
vt 0.630851 0.428267
vt 0.621216 0.428267
vt 0.687481 0.250363
vt 0.697115 0.250363
vt 0.596081 0.217806
vt 0.586930 0.195714
vt 0.590272 0.192372
vt 0.600807 0.217806
vt 0.586930 0.239898
vt 0.590272 0.243239
vt 0.564838 0.249048
vt 0.564838 0.253774
vt 0.542747 0.239898
vt 0.539405 0.243239
vt 0.624110 0.389412
vt 0.627476 0.389412
vt 0.615605 0.368879
vt 0.617985 0.366499
vt 0.595072 0.360374
vt 0.595072 0.357008
vt 0.533596 0.217806
vt 0.528870 0.217806
vt 0.542747 0.195714
vt 0.539405 0.192372
vt 0.564838 0.186563
vt 0.564838 0.181837
vt 0.504090 0.172403
vt 0.528866 0.182665
vt 0.528866 0.186219
vt 0.501577 0.174916
vt 0.553640 0.172403
vt 0.556154 0.174916
vt 0.563903 0.147628
vt 0.567457 0.147628
vt 0.553640 0.122853
vt 0.556154 0.120339
vt 0.493828 0.147628
vt 0.490274 0.147628
vt 0.504090 0.122853
vt 0.501577 0.120339
vt 0.528865 0.112591
vt 0.528865 0.109036
vt 0.572547 0.445038
vt 0.563223 0.467548
vt 0.558249 0.467548
vt 0.569030 0.441521
vt 0.595072 0.351944
vt 0.568579 0.362918
vt 0.572547 0.490059
vt 0.569030 0.493576
vt 0.557604 0.389412
vt 0.595057 0.499383
vt 0.595057 0.504357
vt 0.568579 0.415906
vt 0.617567 0.490059
vt 0.621085 0.493576
vt 0.595072 0.426880
vt 0.621566 0.362918
vt 0.595057 0.435714
vt 0.595057 0.430740
vt 0.632540 0.389412
vt 0.617567 0.445038
vt 0.621085 0.441521
vt 0.621566 0.415906
vt 0.626891 0.467548
vt 0.631866 0.467548
vt 0.677964 0.227387
vt 0.684776 0.220575
vt 0.640368 0.451242
vt 0.633555 0.458055
vt 0.686318 0.405292
vt 0.693131 0.398479
vt 0.622497 0.250363
vt 0.612862 0.250363
vt 0.612519 0.271870
vt 0.624857 0.301658
vt 0.617959 0.301658
vt 0.607641 0.276747
vt 0.552943 0.331445
vt 0.540604 0.301658
vt 0.547502 0.301658
vt 0.557820 0.326568
vt 0.687997 0.310214
vt 0.658210 0.297876
vt 0.658210 0.304774
vt 0.683120 0.315092
vt 0.628422 0.369790
vt 0.658210 0.382128
vt 0.658210 0.375231
vt 0.633299 0.364913
vt 0.582731 0.259531
vt 0.582731 0.266429
vt 0.687997 0.369790
vt 0.683120 0.364913
vt 0.582731 0.343784
vt 0.582731 0.336886
vt 0.628422 0.310214
vt 0.633299 0.315092
vt 0.616083 0.340002
vt 0.622981 0.340002
vt 0.700336 0.340002
vt 0.693438 0.340002
vt 0.552943 0.271870
vt 0.557820 0.276747
vt 0.612519 0.331445
vt 0.607641 0.326568
vt 0.697219 0.536421
vt 0.698166 0.685511
vt 0.666334 0.685511
vt 0.665480 0.536421
vt 0.465950 0.536421
vt 0.464002 0.685511
vt 0.361917 0.685511
vt 0.360969 0.536421
vt 0.509714 0.536421
vt 0.508993 0.685511
vt 0.529481 0.536421
vt 0.529084 0.685511
vt 0.551958 0.536421
vt 0.551768 0.685511
vt 0.588215 0.536421
vt 0.588526 0.685511
vt 0.633281 0.536421
vt 0.634095 0.685511
vt 0.538739 0.267891
vt 0.529595 0.245813
vt 0.520245 0.255162
vt 0.525517 0.267891
vt 0.507517 0.236668
vt 0.507517 0.249890
vt 0.485440 0.245813
vt 0.494789 0.255162
vt 0.476295 0.267891
vt 0.489517 0.267891
vt 0.698166 0.808487
vt 0.695229 0.951053
vt 0.663775 0.951053
vt 0.666334 0.808487
vt 0.464002 0.808487
vt 0.469941 0.951053
vt 0.358979 0.951053
vt 0.361917 0.808487
vt 0.508993 0.808487
vt 0.511107 0.951053
vt 0.529084 0.808487
vt 0.530247 0.951053
vt 0.551768 0.808487
vt 0.552321 0.951053
vt 0.588526 0.808487
vt 0.587627 0.951053
vt 0.634095 0.808487
vt 0.631701 0.951053
vt 0.485440 0.289968
vt 0.494789 0.280618
vt 0.507517 0.299113
vt 0.507517 0.285890
vt 0.529595 0.289968
vt 0.520245 0.280618
vt 0.667865 0.522715
vt 0.668365 0.536420
vt 0.636096 0.536420
vt 0.635594 0.522715
vt 0.589316 0.536421
vt 0.589114 0.522715
vt 0.551290 0.536421
vt 0.551411 0.522716
vt 0.528095 0.536421
vt 0.528344 0.522716
vt 0.507209 0.536421
vt 0.507658 0.522716
vt 0.459517 0.536421
vt 0.460600 0.522716
vt 0.364055 0.536421
vt 0.363543 0.522716
vt 0.699793 0.522716
vt 0.700305 0.536421
vt 0.502676 0.205107
vt 0.492614 0.229399
vt 0.495079 0.231864
vt 0.506162 0.205107
vt 0.444029 0.180815
vt 0.468322 0.170752
vt 0.468322 0.167267
vt 0.441565 0.178350
vt 0.468322 0.239461
vt 0.468322 0.242947
vt 0.444029 0.229399
vt 0.441565 0.231864
vt 0.701225 0.512605
vt 0.701559 0.522716
vt 0.669631 0.522715
vt 0.669288 0.512605
vt 0.457557 0.512605
vt 0.456842 0.522716
vt 0.365309 0.522716
vt 0.364975 0.512605
vt 0.506365 0.512605
vt 0.506046 0.522716
vt 0.527624 0.512605
vt 0.527445 0.522716
vt 0.551059 0.512605
vt 0.550971 0.522716
vt 0.589700 0.512605
vt 0.589848 0.522715
vt 0.637037 0.512605
vt 0.637392 0.522715
vt 0.433967 0.205107
vt 0.430482 0.205107
vt 0.492614 0.180815
vt 0.495079 0.178350
vt 0.665894 0.960498
vt 0.664992 0.981392
vt 0.632823 0.981392
vt 0.633673 0.960498
vt 0.588043 0.981392
vt 0.588364 0.960498
vt 0.552064 0.981392
vt 0.551867 0.960498
vt 0.529704 0.981392
vt 0.529290 0.960498
vt 0.510119 0.981392
vt 0.509367 0.960498
vt 0.467080 0.981392
vt 0.465002 0.960498
vt 0.360413 0.981392
vt 0.361432 0.960498
vt 0.697682 0.960498
vt 0.696662 0.981392
vt 0.701052 0.951053
vt 0.700734 0.960498
vt 0.668792 0.960498
vt 0.669112 0.951053
vt 0.457926 0.951053
vt 0.458603 0.960498
vt 0.364485 0.960498
vt 0.364803 0.951053
vt 0.506528 0.951053
vt 0.506822 0.960498
vt 0.527714 0.951053
vt 0.527878 0.960498
vt 0.551104 0.951053
vt 0.551184 0.960498
vt 0.589626 0.951053
vt 0.589491 0.960498
vt 0.636856 0.951053
vt 0.636529 0.960498
vt 0.702911 0.718227
vt 0.702911 0.808487
vt 0.671062 0.808487
vt 0.671062 0.718227
vt 0.453937 0.718227
vt 0.453937 0.808487
vt 0.366661 0.808487
vt 0.366661 0.718227
vt 0.504680 0.718227
vt 0.504680 0.808487
vt 0.526676 0.718227
vt 0.526676 0.808487
vt 0.550590 0.718227
vt 0.550590 0.808487
vt 0.590491 0.718227
vt 0.590491 0.808487
vt 0.638904 0.718227
vt 0.638904 0.808487
vt 0.671062 0.707321
vt 0.638904 0.707321
vt 0.590491 0.707322
vt 0.550590 0.707322
vt 0.526676 0.707322
vt 0.504680 0.707322
vt 0.453937 0.707322
vt 0.366661 0.707322
vt 0.702911 0.707322
vt 0.702911 0.685511
vt 0.702911 0.696416
vt 0.671062 0.696416
vt 0.671062 0.685511
vt 0.453937 0.685511
vt 0.453937 0.696416
vt 0.366661 0.696416
vt 0.366661 0.685511
vt 0.504680 0.685511
vt 0.504680 0.696416
vt 0.526676 0.685511
vt 0.526676 0.696416
vt 0.550590 0.685511
vt 0.550590 0.696416
vt 0.590491 0.685511
vt 0.590491 0.696416
vt 0.638904 0.685511
vt 0.638904 0.696416
vt 0.699901 0.696416
vt 0.699901 0.707322
vt 0.667970 0.707322
vt 0.667970 0.696416
vt 0.460371 0.696416
vt 0.460371 0.707322
vt 0.363652 0.707322
vt 0.363652 0.696416
vt 0.507564 0.696416
vt 0.507564 0.707322
vt 0.528292 0.696416
vt 0.528292 0.707322
vt 0.551386 0.696416
vt 0.551386 0.707322
vt 0.589156 0.696416
vt 0.589156 0.707322
vt 0.635699 0.696416
vt 0.635699 0.707321
vt 0.458444 0.305717
vt 0.470609 0.300678
vt 0.475648 0.288513
vt 0.470609 0.276348
vt 0.458444 0.271309
vt 0.446279 0.276348
vt 0.441240 0.288513
vt 0.446279 0.300678
vt 0.458444 0.308319
vt 0.472449 0.302518
vt 0.444439 0.302518
vt 0.478250 0.288513
vt 0.472449 0.274508
vt 0.458444 0.268707
vt 0.444439 0.274508
vt 0.438638 0.288513
vn 0.0000 -1.0000 0.0000
vn 0.0000 1.0000 0.0000
vn -0.4223 0.8021 -0.4223
vn -0.4183 -0.8063 -0.4183
vn 0.0000 -0.8063 -0.5915
vn 0.0000 0.8021 -0.5972
vn -0.5972 0.8021 0.0000
vn -0.5915 -0.8063 0.0000
vn -0.4223 0.8021 0.4223
vn -0.4183 -0.8063 0.4183
vn 0.0000 0.8021 0.5972
vn 0.0000 -0.8063 0.5915
vn 0.4223 0.8021 0.4223
vn 0.4183 -0.8063 0.4183
vn 0.5972 0.8021 0.0000
vn 0.5915 -0.8063 0.0000
vn 0.4223 0.8021 -0.4223
vn 0.4183 -0.8063 -0.4183
vn 0.1744 -0.9846 0.0000
vn 0.1233 -0.9846 0.1233
vn 0.2001 -0.9591 0.2001
vn 0.2829 -0.9591 0.0000
vn 0.0000 -0.9846 0.1744
vn 0.0000 -0.9591 0.2829
vn -0.1233 -0.9846 0.1233
vn -0.2001 -0.9591 0.2001
vn -0.1744 -0.9846 0.0000
vn -0.2829 -0.9591 0.0000
vn -0.4144 0.8102 -0.4144
vn -0.4261 -0.7980 -0.4261
vn 0.0000 -0.7980 -0.6026
vn 0.0000 0.8102 -0.5861
vn -0.5861 0.8102 0.0000
vn -0.6026 -0.7980 0.0000
vn -0.4144 0.8102 0.4144
vn -0.4261 -0.7980 0.4261
vn 0.0000 0.8102 0.5861
vn 0.0000 -0.7980 0.6026
vn 0.4144 0.8102 0.4144
vn 0.4261 -0.7980 0.4261
vn 0.5861 0.8102 0.0000
vn 0.6026 -0.7980 0.0000
vn 0.4144 0.8102 -0.4144
vn 0.4261 -0.7980 -0.4261
vn -0.1233 -0.9846 -0.1233
vn -0.2001 -0.9591 -0.2001
vn 0.0000 -0.9846 -0.1744
vn 0.0000 -0.9591 -0.2829
vn 0.1233 -0.9846 -0.1233
vn 0.2001 -0.9591 -0.2001
vn 0.0000 0.7866 -0.6174
vn 0.0000 0.6071 -0.7945
vn 0.5618 0.6071 -0.5618
vn 0.4366 0.7866 -0.4366
vn 0.7945 0.6071 0.0000
vn 0.6174 0.7866 0.0000
vn 0.5618 0.6071 0.5618
vn 0.4366 0.7866 0.4366
vn 0.0000 0.6071 0.7945
vn 0.0000 0.7866 0.6174
vn -0.5618 0.6071 0.5618
vn -0.4366 0.7866 0.4366
vn -0.7945 0.6071 0.0000
vn -0.6174 0.7866 0.0000
vn -0.5618 0.6071 -0.5618
vn -0.4366 0.7866 -0.4366
vn 0.5342 -0.6552 -0.5342
vn 0.7554 -0.6552 0.0000
vn 0.0000 -0.6552 0.7554
vn -0.5342 -0.6552 0.5342
vn 0.0000 -0.6552 -0.7554
vn -0.5342 -0.6552 -0.5342
vn -0.5630 0.6050 -0.5630
vn 0.0000 0.6050 -0.7962
vn -0.7554 -0.6552 0.0000
vn -0.7962 0.6050 0.0000
vn -0.5630 0.6050 0.5630
vn 0.0000 0.6050 0.7962
vn 0.5342 -0.6552 0.5342
vn 0.5630 0.6050 0.5630
vn 0.7962 0.6050 0.0000
vn 0.5630 0.6050 -0.5630
vn 0.0000 0.8190 -0.5738
vn 0.0000 0.0543 -0.9985
vn 0.7060 0.0543 -0.7060
vn 0.4057 0.8190 -0.4057
vn 0.9985 0.0543 0.0000
vn 0.5738 0.8190 0.0000
vn 0.7060 0.0543 0.7060
vn 0.4057 0.8190 0.4057
vn 0.0000 0.0543 0.9985
vn 0.0000 0.8190 0.5738
vn -0.7060 0.0543 0.7060
vn -0.4057 0.8190 0.4057
vn -0.9985 0.0543 0.0000
vn -0.5738 0.8190 0.0000
vn -0.7060 0.0543 -0.7060
vn -0.4057 0.8190 -0.4057
vn -0.5622 -0.6065 -0.5622
vn -0.5351 0.6537 -0.5351
vn 0.0000 0.6537 -0.7567
vn 0.0000 -0.6065 -0.7950
vn -0.7950 -0.6065 0.0000
vn -0.7567 0.6537 0.0000
vn -0.5622 -0.6065 0.5622
vn -0.5351 0.6537 0.5351
vn 0.0000 -0.6065 0.7950
vn 0.0000 0.6537 0.7567
vn 0.5622 -0.6065 0.5622
vn 0.5351 0.6537 0.5351
vn 0.7950 -0.6065 0.0000
vn 0.7567 0.6537 0.0000
vn 0.5622 -0.6065 -0.5622
vn 0.5351 0.6537 -0.5351
vn -0.7071 0.0000 -0.7071
vn -0.5490 0.6302 -0.5490
vn 0.0000 0.6302 -0.7764
vn 0.0000 0.0000 -1.0000
vn -1.0000 0.0000 0.0000
vn -0.7764 0.6302 0.0000
vn -0.7071 0.0000 0.7071
vn -0.5490 0.6302 0.5490
vn 0.0000 0.0000 1.0000
vn 0.0000 0.6302 0.7764
vn 0.7071 0.0000 0.7071
vn 0.5490 0.6302 0.5490
vn 1.0000 0.0000 0.0000
vn 0.7764 0.6302 0.0000
vn 0.7071 0.0000 -0.7071
vn 0.5490 0.6302 -0.5490
vn 0.0000 -0.6302 -0.7764
vn 0.5490 -0.6302 -0.5490
vn 0.7764 -0.6302 0.0000
vn 0.5490 -0.6302 0.5490
vn 0.0000 -0.6302 0.7764
vn -0.5490 -0.6302 0.5490
vn -0.7764 -0.6302 0.0000
vn -0.5490 -0.6302 -0.5490
vn -0.4203 0.8042 -0.4203
vn -0.4203 -0.8042 -0.4203
vn 0.0000 -0.8042 -0.5943
vn 0.0000 0.8042 -0.5943
vn -0.5943 0.8042 0.0000
vn -0.5943 -0.8042 0.0000
vn -0.4203 0.8042 0.4203
vn -0.4203 -0.8042 0.4203
vn 0.0000 0.8042 0.5944
vn 0.0000 -0.8042 0.5943
vn 0.4203 0.8042 0.4203
vn 0.4203 -0.8042 0.4203
vn 0.5943 0.8042 0.0000
vn 0.5943 -0.8042 0.0000
vn 0.4203 0.8042 -0.4203
vn 0.4203 -0.8042 -0.4203
usemtl Empire_Longsword
s off
f 200/244/170 199/245/170 268/246/170 270/247/170
f 201/248/170 200/244/170 270/247/170 272/249/170
f 194/250/170 201/248/170 272/249/170 273/251/170
f 195/252/170 194/250/170 273/251/170 260/253/170
f 171/254/171 172/255/171 284/256/171 283/257/171
f 170/258/170 185/259/170 297/260/170 282/261/170
f 178/262/171 180/263/171 292/264/171 290/265/171
f 173/266/170 170/258/170 282/261/170 285/267/170
f 181/268/170 179/269/170 291/270/170 293/271/170
f 172/255/171 174/272/171 286/273/171 284/256/171
f 180/263/171 182/274/171 294/275/171 292/264/171
f 175/276/170 173/266/170 285/267/170 287/277/170
f 187/278/171 188/279/171 229/280/171 228/281/171
f 186/282/171 187/278/171 228/281/171 227/283/171
f 193/284/171 186/282/171 227/283/171 226/285/171
f 192/286/171 193/284/171 226/285/171 233/287/171
f 196/288/170 195/252/170 260/253/170 262/289/170
f 197/290/170 196/288/170 262/289/170 264/291/170
f 198/292/170 197/290/170 264/291/170 266/293/170
f 199/245/170 198/292/170 266/293/170 268/246/170
f 191/294/171 192/286/171 233/287/171 232/295/171
f 190/296/171 191/294/171 232/295/171 231/297/171
f 189/298/171 190/296/171 231/297/171 230/299/171
f 188/279/171 189/298/171 230/299/171 229/280/171
f 224/300/171 225/301/171 249/302/171 248/303/171
f 225/301/171 212/304/171 236/305/171 249/302/171
f 212/304/171 214/306/171 238/307/171 236/305/171
f 214/306/171 216/308/171 240/309/171 238/307/171
f 222/310/171 224/300/171 248/303/171 246/311/171
f 220/312/171 222/310/171 246/311/171 244/313/171
f 218/314/171 220/312/171 244/313/171 242/315/171
f 216/308/171 218/314/171 242/315/171 240/309/171
f 267/316/171 269/317/171 276/318/171 274/319/171
f 268/246/170 266/293/170 202/320/170 275/321/170
f 269/317/171 271/322/171 278/323/171 276/318/171
f 270/247/170 268/246/170 275/321/170 277/324/170
f 271/322/171 252/325/171 281/326/171 278/323/171
f 272/249/170 270/247/170 277/324/170 279/327/170
f 252/325/171 259/328/171 209/329/171 281/326/171
f 273/251/170 272/249/170 279/327/170 280/330/170
f 266/293/170 264/291/170 204/331/170 202/320/170
f 265/332/171 267/316/171 274/319/171 203/333/171
f 264/291/170 262/289/170 206/334/170 204/331/170
f 263/335/171 265/332/171 203/333/171 205/336/171
f 262/289/170 260/253/170 208/337/170 206/334/170
f 261/338/171 263/335/171 205/336/171 207/339/171
f 260/253/170 273/251/170 280/330/170 208/337/170
f 259/328/171 261/338/171 207/339/171 209/329/171
f 179/269/170 177/340/170 289/341/170 291/270/170
f 184/342/171 171/254/171 283/257/171 296/343/171
f 176/344/171 178/262/171 290/265/171 288/345/171
f 185/259/170 183/346/170 295/347/170 297/260/170
f 177/340/170 175/276/170 287/277/170 289/341/170
f 182/274/171 184/342/171 296/343/171 294/275/171
f 174/272/171 176/344/171 288/345/171 286/273/171
f 183/346/170 181/268/170 293/271/170 295/347/170
f 311/348/171 309/349/171 325/350/171 327/351/171
f 319/352/171 317/353/171 333/354/171 335/355/171
f 310/356/170 312/357/170 328/358/170 326/359/170
f 318/360/170 321/361/170 337/362/170 334/363/170
f 313/364/171 311/348/171 327/351/171 329/365/171
f 321/361/170 306/366/170 322/367/170 337/362/170
f 320/368/171 319/352/171 335/355/171 336/369/171
f 312/357/170 314/370/170 330/371/170 328/358/170
f 316/372/170 318/360/170 334/363/170 332/373/170
f 308/374/170 310/356/170 326/359/170 324/375/170
f 317/353/171 315/376/171 331/377/171 333/354/171
f 309/349/171 307/378/171 323/379/171 325/350/171
f 314/370/170 316/372/170 332/373/170 330/371/170
f 306/366/170 308/374/170 324/375/170 322/367/170
f 315/376/171 313/364/171 329/365/171 331/377/171
f 307/378/171 320/368/171 336/369/171 323/379/171
s 1
f 192/380/172 185/381/173 170/382/174 193/383/175
f 191/384/176 183/385/177 185/386/173 192/387/172
f 190/388/178 181/389/179 183/385/177 191/384/176
f 189/390/180 179/391/181 181/389/179 190/388/178
f 188/392/182 177/393/183 179/391/181 189/390/180
f 187/394/184 175/395/185 177/393/183 188/392/182
f 186/396/186 173/397/187 175/395/185 187/394/184
f 193/383/175 170/382/174 173/397/187 186/396/186
f 213/398/188 215/399/189 351/400/190 348/401/191
f 215/399/189 217/402/192 350/403/193 351/400/190
f 217/402/192 219/404/194 353/405/195 350/403/193
f 219/404/194 221/406/196 352/407/197 353/405/195
f 184/408/198 201/409/199 194/410/200 171/411/201
f 182/412/202 200/413/203 201/414/199 184/415/198
f 180/416/204 199/417/205 200/413/203 182/412/202
f 178/418/206 198/419/207 199/417/205 180/416/204
f 176/420/208 197/421/209 198/419/207 178/418/206
f 174/422/210 196/423/211 197/421/209 176/420/208
f 172/424/212 195/425/213 196/423/211 174/422/210
f 171/411/201 194/410/200 195/425/213 172/424/212
f 221/406/196 223/426/214 347/427/215 352/407/197
f 223/426/214 210/428/216 346/429/217 347/427/215
f 210/428/216 211/430/218 349/431/219 346/429/217
f 211/430/218 213/398/188 348/401/191 349/431/219
f 225/432/220 226/433/221 227/434/222 212/435/223
f 212/435/223 227/434/222 228/436/224 214/437/225
f 214/437/225 228/436/224 229/438/226 216/439/227
f 216/439/227 229/438/226 230/440/228 218/441/229
f 218/441/229 230/440/228 231/442/230 220/443/231
f 220/443/231 231/442/230 232/444/232 222/445/233
f 222/445/233 232/444/232 233/446/234 224/447/235
f 224/448/235 233/449/234 226/433/221 225/432/220
f 213/450/188 211/451/218 235/452/236 237/453/237
f 219/454/194 217/455/192 241/456/238 243/457/239
f 211/451/218 210/458/216 234/459/240 235/452/236
f 210/458/216 223/460/214 247/461/241 234/459/240
f 247/462/241 248/463/242 249/464/243 234/465/240
f 245/466/244 246/467/245 248/468/242 247/469/241
f 243/470/239 244/471/246 246/467/245 245/466/244
f 241/472/238 242/473/247 244/471/246 243/470/239
f 239/474/248 240/475/249 242/473/247 241/472/238
f 237/476/237 238/477/250 240/475/249 239/474/248
f 235/478/236 236/479/251 238/477/250 237/476/237
f 234/465/240 249/464/243 236/479/251 235/478/236
f 221/480/196 219/454/194 243/457/239 245/481/244
f 215/482/189 213/450/188 237/453/237 239/483/248
f 223/460/214 221/480/196 245/481/244 247/461/241
f 217/455/192 215/482/189 239/483/248 241/456/238
f 252/484/252 251/485/253 250/486/254 259/487/255
f 259/487/255 250/486/254 253/488/256 261/489/257
f 261/489/257 253/488/256 254/490/258 263/491/259
f 263/491/259 254/490/258 255/492/260 265/493/261
f 265/493/261 255/492/260 256/494/262 267/495/263
f 267/495/263 256/494/262 257/496/264 269/497/265
f 269/497/265 257/496/264 258/498/266 271/499/267
f 271/500/267 258/501/266 251/485/253 252/484/252
f 279/502/268 278/503/269 281/504/270 280/505/271
f 277/506/272 276/507/273 278/508/269 279/509/268
f 275/510/274 274/511/275 276/507/273 277/506/272
f 202/512/276 203/513/277 274/511/275 275/510/274
f 204/514/278 205/515/279 203/513/277 202/512/276
f 206/516/280 207/517/281 205/515/279 204/514/278
f 208/518/282 209/519/283 207/517/281 206/516/280
f 280/505/271 281/504/270 209/519/283 208/518/282
f 305/520/284 296/521/285 283/522/286 298/523/287
f 304/524/288 294/525/289 296/526/285 305/527/284
f 303/528/290 292/529/291 294/525/289 304/524/288
f 302/530/292 290/531/293 292/529/291 303/528/290
f 301/532/294 288/533/295 290/531/293 302/530/292
f 300/534/296 286/535/297 288/533/295 301/532/294
f 299/536/298 284/537/299 286/535/297 300/534/296
f 298/523/287 283/522/286 284/537/299 299/536/298
f 321/538/300 298/523/287 299/536/298 306/539/301
f 306/539/301 299/536/298 300/534/296 308/540/302
f 308/540/302 300/534/296 301/532/294 310/541/303
f 310/541/303 301/532/294 302/530/292 312/542/304
f 312/542/304 302/530/292 303/528/290 314/543/305
f 314/543/305 303/528/290 304/524/288 316/544/306
f 316/544/306 304/524/288 305/527/284 318/545/307
f 318/546/307 305/520/284 298/523/287 321/538/300
f 297/547/307 319/548/285 320/549/286 282/550/300
f 295/551/306 317/552/289 319/553/285 297/554/307
f 293/555/305 315/556/291 317/552/289 295/551/306
f 291/557/304 313/558/293 315/556/291 293/555/305
f 289/559/303 311/560/295 313/558/293 291/557/304
f 287/561/302 309/562/297 311/560/295 289/559/303
f 285/563/301 307/564/299 309/562/297 287/561/302
f 282/550/300 320/549/286 307/564/299 285/563/301
f 335/565/308 334/566/309 337/567/310 336/568/311
f 333/569/312 332/570/313 334/571/309 335/572/308
f 331/573/314 330/574/315 332/570/313 333/569/312
f 329/575/316 328/576/317 330/574/315 331/573/314
f 327/577/318 326/578/319 328/576/317 329/575/316
f 325/579/320 324/580/321 326/578/319 327/577/318
f 323/581/322 322/582/323 324/580/321 325/579/320
f 336/568/311 337/567/310 322/582/323 323/581/322
f 338/583/170 339/584/170 340/585/170 341/586/170 342/587/170 343/588/170 344/589/170 345/590/170
f 339/584/170 338/583/170 346/591/217 349/592/219
f 338/583/170 345/590/170 347/593/215 346/591/217
f 341/586/170 340/585/170 348/594/191 351/595/190
f 343/588/170 342/587/170 350/596/193 353/597/195
f 345/590/170 344/589/170 352/598/197 347/593/215
f 340/585/170 339/584/170 349/592/219 348/594/191
f 342/587/170 341/586/170 351/595/190 350/596/193
f 344/589/170 343/588/170 353/597/195 352/598/197
o Guard
v -0.373319 1.038802 -0.000312
v -0.373319 1.195403 -0.000312
v -0.093330 1.077177 -0.043735
v -0.186660 1.082070 -0.028957
v -0.275950 1.071503 -0.017919
v -0.093330 1.157028 0.043735
v -0.186660 1.152135 0.028957
v -0.275950 1.162702 0.017919
v -0.275950 1.162702 -0.017919
v -0.186660 1.152135 -0.028957
v -0.093330 1.157028 -0.043735
v -0.275950 1.071503 0.017919
v -0.186660 1.082070 0.028957
v -0.093330 1.077177 0.043735
v -0.231305 1.081866 -0.023438
v -0.231305 1.152339 0.023438
v -0.231305 1.152339 -0.023438
v -0.231305 1.081866 0.023438
v -0.139995 1.079623 -0.036346
v -0.139995 1.154582 0.036346
v -0.139995 1.154582 -0.036346
v -0.139995 1.079623 0.036346
v 0.373319 1.038802 -0.000312
v 0.373319 1.195403 -0.000312
v 0.000000 1.047968 -0.057062
v 0.000000 1.186237 -0.057062
v 0.000000 1.047968 0.057062
v 0.000000 1.186237 0.057062
v 0.093330 1.077177 -0.043735
v 0.186660 1.082070 -0.028957
v 0.275950 1.071503 -0.017919
v 0.093330 1.157028 0.043735
v 0.186660 1.152135 0.028957
v 0.275950 1.162702 0.017919
v 0.275950 1.162702 -0.017919
v 0.186660 1.152135 -0.028957
v 0.093330 1.157028 -0.043735
v 0.275950 1.071503 0.017919
v 0.186660 1.082070 0.028957
v 0.093330 1.077177 0.043735
v 0.231305 1.081866 -0.023438
v 0.231305 1.152339 0.023438
v 0.231305 1.152339 -0.023438
v 0.231305 1.081866 0.023438
v 0.139995 1.079623 -0.036346
v 0.139995 1.154582 0.036346
v 0.139995 1.154582 -0.036346
v 0.139995 1.079623 0.036346
vt 0.127138 0.698374
vt 0.127138 0.729004
vt 0.094435 0.739987
vt 0.094435 0.687391
vt 0.188473 0.635407
vt 0.188473 0.662226
vt 0.219819 0.672036
vt 0.219819 0.625597
vt 0.094435 0.622518
vt 0.094435 0.675115
vt 0.127138 0.664132
vt 0.127138 0.633501
vt 0.142132 0.636982
vt 0.142132 0.660651
vt 0.157127 0.660583
vt 0.157127 0.637050
vt 0.172800 0.636229
vt 0.172800 0.661404
vt 0.219819 0.690469
vt 0.219819 0.736909
vt 0.188473 0.727098
vt 0.188473 0.700279
vt 0.172800 0.701101
vt 0.172800 0.726277
vt 0.157127 0.725455
vt 0.157127 0.701923
vt 0.142132 0.701854
vt 0.142132 0.725523
vt 0.312500 0.698374
vt 0.345203 0.687391
vt 0.345203 0.739987
vt 0.312500 0.729004
vt 0.251165 0.635407
vt 0.251165 0.662226
vt 0.345203 0.622518
vt 0.312500 0.633501
vt 0.312500 0.664132
vt 0.345203 0.675115
vt 0.297506 0.636982
vt 0.282511 0.637050
vt 0.282511 0.660583
vt 0.297506 0.660651
vt 0.266838 0.636229
vt 0.266838 0.661404
vt 0.251165 0.700279
vt 0.251165 0.727098
vt 0.266838 0.701101
vt 0.282511 0.701923
vt 0.282511 0.725455
vt 0.266838 0.726277
vt 0.297506 0.701854
vt 0.297506 0.725523
vt 0.130114 0.602015
vt 0.098278 0.596258
vt 0.130114 0.590297
vt 0.189824 0.564708
vt 0.220339 0.569065
vt 0.220339 0.531751
vt 0.189824 0.536108
vt 0.098278 0.550510
vt 0.130114 0.556267
vt 0.130114 0.544549
vt 0.144712 0.558072
vt 0.159309 0.559876
vt 0.159309 0.540941
vt 0.144712 0.542745
vt 0.174566 0.562292
vt 0.174566 0.538525
vt 0.220339 0.614813
vt 0.189824 0.610456
vt 0.189824 0.581856
vt 0.220339 0.577499
vt 0.174566 0.608039
vt 0.159309 0.605624
vt 0.159309 0.586688
vt 0.174566 0.584272
vt 0.144712 0.603819
vt 0.144712 0.588493
vt 0.310563 0.602015
vt 0.310563 0.590297
vt 0.342400 0.596258
vt 0.250854 0.564708
vt 0.250854 0.536108
vt 0.342400 0.550510
vt 0.310563 0.544549
vt 0.310563 0.556267
vt 0.295967 0.558072
vt 0.295967 0.542745
vt 0.281369 0.540941
vt 0.281369 0.559876
vt 0.266112 0.562292
vt 0.266112 0.538525
vt 0.250854 0.581856
vt 0.250854 0.610456
vt 0.266112 0.608039
vt 0.266112 0.584272
vt 0.281369 0.586688
vt 0.281369 0.605624
vt 0.295967 0.603819
vt 0.295967 0.588493
vn -0.1840 0.0000 0.9829
vn -0.1414 0.0000 -0.9900
vn -0.1779 0.0000 -0.9840
vn -0.1227 0.0000 -0.9924
vn -0.1564 0.0000 -0.9877
vn -0.1414 0.0000 0.9900
vn -0.1564 0.0000 0.9877
vn -0.1227 0.0000 0.9924
vn 0.1840 0.0000 0.9829
vn 0.1414 0.0000 -0.9900
vn 0.1779 0.0000 -0.9840
vn 0.1227 0.0000 -0.9924
vn 0.1564 0.0000 -0.9877
vn 0.1414 0.0000 0.9900
vn 0.1564 0.0000 0.9877
vn 0.1227 0.0000 0.9924
vn 0.0747 0.6796 -0.7297
vn -0.7234 0.6904 -0.0022
vn 0.0718 0.6794 0.7302
vn -0.2333 -0.6532 -0.7203
vn 0.0000 -0.7366 -0.6763
vn 0.0000 -0.7366 0.6763
vn -0.2333 -0.6532 0.7203
vn -0.7234 -0.6904 -0.0022
vn 0.0747 -0.6796 -0.7297
vn 0.0718 -0.6794 0.7302
vn -0.0168 -0.6812 -0.7319
vn -0.1176 -0.7030 -0.7014
vn -0.1176 -0.7030 0.7014
vn -0.0168 -0.6812 0.7319
vn -0.1470 -0.7032 -0.6955
vn -0.1470 -0.7032 0.6955
vn 0.0000 0.7366 -0.6763
vn -0.2333 0.6532 -0.7203
vn -0.2333 0.6532 0.7203
vn 0.0000 0.7366 0.6763
vn -0.1470 0.7032 -0.6955
vn -0.1176 0.7030 -0.7014
vn -0.1176 0.7030 0.7014
vn -0.1470 0.7032 0.6955
vn -0.0168 0.6812 -0.7319
vn -0.0168 0.6812 0.7319
vn -0.0747 0.6796 -0.7297
vn -0.0718 0.6794 0.7302
vn 0.7234 0.6904 -0.0022
vn 0.2333 -0.6532 -0.7203
vn 0.2333 -0.6532 0.7203
vn 0.7234 -0.6904 -0.0022
vn -0.0718 -0.6794 0.7302
vn -0.0747 -0.6796 -0.7297
vn 0.0168 -0.6812 -0.7319
vn 0.0168 -0.6812 0.7319
vn 0.1176 -0.7030 0.7014
vn 0.1176 -0.7030 -0.7014
vn 0.1470 -0.7032 -0.6955
vn 0.1470 -0.7032 0.6955
vn 0.2333 0.6532 0.7203
vn 0.2333 0.6532 -0.7203
vn 0.1470 0.7032 -0.6955
vn 0.1470 0.7032 0.6955
vn 0.1176 0.7030 0.7014
vn 0.1176 0.7030 -0.7014
vn 0.0168 0.6812 -0.7319
vn 0.0168 0.6812 0.7319
usemtl Empire_Longsword
s off
f 365/599/324 361/600/324 355/601/324 354/602/324
f 356/603/325 364/604/325 379/605/325 378/606/325
f 354/607/326 355/608/326 362/609/326 358/610/326
f 368/611/327 370/612/327 363/613/327 357/614/327
f 372/615/328 374/616/328 364/604/328 356/603/328
f 380/617/329 381/618/329 359/619/329 367/620/329
f 375/621/330 373/622/330 360/623/330 366/624/330
f 371/625/331 369/626/331 361/600/331 365/599/331
f 366/624/331 360/623/331 369/626/331 371/625/331
f 358/610/327 362/609/327 370/612/327 368/611/327
f 367/620/330 359/619/330 373/622/330 375/621/330
f 357/614/328 363/613/328 374/616/328 372/615/328
f 391/627/332 376/628/332 377/629/332 387/630/332
f 382/631/333 378/606/333 379/605/333 390/632/333
f 376/633/334 384/634/334 388/635/334 377/636/334
f 394/637/335 383/638/335 389/639/335 396/640/335
f 398/641/336 382/631/336 390/632/336 400/642/336
f 380/617/337 393/643/337 385/644/337 381/618/337
f 401/645/338 392/646/338 386/647/338 399/648/338
f 397/649/339 391/627/339 387/630/339 395/650/339
f 392/646/339 397/649/339 395/650/339 386/647/339
f 384/634/335 394/637/335 396/640/335 388/635/335
f 393/643/338 401/645/338 399/648/338 385/644/338
f 383/638/336 398/641/336 400/642/336 389/639/336
s 1
f 362/651/340 355/652/341 361/653/342
f 356/654/343 378/655/344 380/656/345 367/657/346
f 354/658/347 358/659/348 365/660/349
f 368/661/350 357/662/351 366/663/352 371/664/353
f 372/665/354 356/654/343 367/657/346 375/666/355
f 379/667/356 364/668/357 359/669/358 381/670/359
f 374/671/360 363/672/361 360/673/362 373/674/363
f 370/675/364 362/651/340 361/653/342 369/676/365
f 363/672/361 370/675/364 369/676/365 360/673/362
f 358/659/348 368/661/350 371/664/353 365/660/349
f 364/668/357 374/671/360 373/674/363 359/669/358
f 357/662/351 372/665/354 375/666/355 366/663/352
f 388/677/366 387/678/367 377/679/368
f 382/680/369 393/681/370 380/656/345 378/655/344
f 376/682/371 391/683/372 384/684/373
f 394/685/374 397/686/375 392/687/376 383/688/377
f 398/689/378 401/690/379 393/681/370 382/680/369
f 379/667/356 381/670/359 385/691/380 390/692/381
f 400/693/382 399/694/383 386/695/384 389/696/385
f 396/697/386 395/698/387 387/678/367 388/677/366
f 389/696/385 386/695/384 395/698/387 396/697/386
f 384/684/373 391/683/372 397/686/375 394/685/374
f 390/692/381 385/691/380 399/694/383 400/693/382
f 383/688/377 392/687/376 401/690/379 398/689/378
o Pommel
v 0.090000 0.130000 -0.035000
v 0.090000 0.130000 0.035000
v 0.088271 0.112442 -0.035000
v 0.088271 0.112442 0.035000
v 0.083149 0.095558 -0.035000
v 0.083149 0.095558 0.035000
v 0.074832 0.079999 -0.035000
v 0.074832 0.079999 0.035000
v 0.063640 0.066360 -0.035000
v 0.063640 0.066360 0.035000
v 0.050001 0.055168 -0.035000
v 0.050001 0.055168 0.035000
v 0.034442 0.046851 -0.035000
v 0.034442 0.046851 0.035000
v 0.017558 0.041729 -0.035000
v 0.017558 0.041729 0.035000
v 0.000000 0.040000 -0.035000
v 0.000000 0.040000 0.035000
v -0.017558 0.041729 -0.035000
v -0.017558 0.041729 0.035000
v -0.034442 0.046851 -0.035000
v -0.034442 0.046851 0.035000
v -0.050001 0.055168 -0.035000
v -0.050001 0.055168 0.035000
v -0.063640 0.066360 -0.035000
v -0.063640 0.066360 0.035000
v -0.074832 0.079999 -0.035000
v -0.074832 0.079999 0.035000
v -0.083149 0.095558 -0.035000
v -0.083149 0.095558 0.035000
v -0.088271 0.112442 -0.035000
v -0.088271 0.112442 0.035000
v -0.090000 0.130000 -0.035000
v -0.090000 0.130000 0.035000
v -0.088271 0.147558 -0.035000
v -0.088271 0.147558 0.035000
v -0.083149 0.164442 -0.035000
v -0.083149 0.164442 0.035000
v -0.074832 0.180001 -0.035000
v -0.074832 0.180001 0.035000
v -0.063640 0.193640 -0.035000
v -0.063640 0.193640 0.035000
v -0.050001 0.204832 -0.035000
v -0.050001 0.204832 0.035000
v -0.034441 0.213149 -0.035000
v -0.034441 0.213149 0.035000
v -0.017558 0.218271 -0.035000
v -0.017558 0.218271 0.035000
v 0.000000 0.220000 -0.035000
v 0.000000 0.220000 0.035000
v 0.017558 0.218271 -0.035000
v 0.017558 0.218271 0.035000
v 0.034442 0.213149 -0.035000
v 0.034442 0.213149 0.035000
v 0.050001 0.204832 -0.035000
v 0.050001 0.204832 0.035000
v 0.063640 0.193640 -0.035000
v 0.063640 0.193640 0.035000
v 0.074832 0.180001 -0.035000
v 0.074832 0.180001 0.035000
v 0.083149 0.164441 -0.035000
v 0.083149 0.164441 0.035000
v 0.088271 0.147558 -0.035000
v 0.088271 0.147558 0.035000
v 0.068265 0.130000 -0.035000
v 0.066953 0.116682 -0.035000
v 0.066953 0.116682 0.035000
v 0.068265 0.130000 0.035000
v 0.063069 0.103876 -0.035000
v 0.063069 0.103876 0.035000
v 0.056760 0.092074 -0.035000
v 0.056760 0.092074 0.035000
v 0.048271 0.081729 -0.035000
v 0.048271 0.081729 0.035000
v 0.037926 0.073240 -0.035000
v 0.037926 0.073240 0.035000
v 0.026124 0.066931 -0.035000
v 0.026124 0.066931 0.035000
v 0.013318 0.063047 -0.035000
v 0.013318 0.063047 0.035000
v 0.000000 0.061735 -0.035000
v 0.000000 0.061735 0.035000
v -0.013318 0.063047 -0.035000
v -0.013318 0.063047 0.035000
v -0.026124 0.066931 -0.035000
v -0.026124 0.066931 0.035000
v -0.037926 0.073240 -0.035000
v -0.037926 0.073240 0.035000
v -0.048271 0.081729 -0.035000
v -0.048271 0.081729 0.035000
v -0.056760 0.092074 -0.035000
v -0.056760 0.092074 0.035000
v -0.063069 0.103876 -0.035000
v -0.063069 0.103876 0.035000
v -0.066953 0.116682 -0.035000
v -0.066953 0.116682 0.035000
v -0.068265 0.130000 -0.035000
v -0.068265 0.130000 0.035000
v -0.066953 0.143318 -0.035000
v -0.066953 0.143318 0.035000
v -0.063069 0.156124 -0.035000
v -0.063069 0.156124 0.035000
v -0.056760 0.167926 -0.035000
v -0.056760 0.167926 0.035000
v -0.048271 0.178271 -0.035000
v -0.048271 0.178271 0.035000
v -0.037926 0.186760 -0.035000
v -0.037926 0.186760 0.035000
v -0.026124 0.193069 -0.035000
v -0.026124 0.193069 0.035000
v -0.013318 0.196953 -0.035000
v -0.013318 0.196953 0.035000
v 0.000000 0.198265 -0.035000
v 0.000000 0.198265 0.035000
v 0.013318 0.196953 -0.035000
v 0.013318 0.196953 0.035000
v 0.026124 0.193069 -0.035000
v 0.026124 0.193069 0.035000
v 0.037926 0.186760 -0.035000
v 0.037926 0.186760 0.035000
v 0.048271 0.178271 -0.035000
v 0.048271 0.178271 0.035000
v 0.056760 0.167926 -0.035000
v 0.056760 0.167926 0.035000
v 0.063069 0.156124 -0.035000
v 0.063069 0.156124 0.035000
v 0.066953 0.143318 -0.035000
v 0.066953 0.143318 0.035000
v 0.066953 0.116682 -0.012425
v -0.000000 0.130000 -0.012425
v 0.068265 0.130000 -0.012425
v 0.068265 0.130000 0.012425
v 0.000000 0.130000 0.012425
v 0.066953 0.116682 0.012425
v 0.063069 0.103876 -0.012425
v 0.063069 0.103876 0.012425
v 0.056760 0.092074 -0.012425
v 0.056760 0.092074 0.012425
v 0.048271 0.081729 -0.012425
v 0.048271 0.081729 0.012425
v 0.037926 0.073240 -0.012425
v 0.037926 0.073240 0.012425
v 0.026124 0.066931 -0.012425
v 0.026124 0.066931 0.012425
v 0.013318 0.063047 -0.012425
v 0.013318 0.063047 0.012425
v 0.000000 0.061735 -0.012425
v 0.000000 0.061735 0.012425
v -0.013318 0.063047 -0.012425
v -0.013318 0.063047 0.012425
v -0.026124 0.066931 -0.012425
v -0.026124 0.066931 0.012425
v -0.037926 0.073240 -0.012425
v -0.037926 0.073240 0.012425
v -0.048271 0.081729 -0.012425
v -0.048271 0.081729 0.012425
v -0.056760 0.092074 -0.012425
v -0.056760 0.092074 0.012425
v -0.063069 0.103876 -0.012425
v -0.063069 0.103876 0.012425
v -0.066953 0.116682 -0.012425
v -0.066953 0.116682 0.012425
v -0.068265 0.130000 -0.012425
v -0.068265 0.130000 0.012425
v -0.066953 0.143318 -0.012425
v -0.066953 0.143318 0.012425
v -0.063069 0.156124 -0.012425
v -0.063069 0.156124 0.012425
v -0.056760 0.167926 -0.012425
v -0.056760 0.167926 0.012425
v -0.048271 0.178271 -0.012425
v -0.048271 0.178271 0.012425
v -0.037926 0.186760 -0.012425
v -0.037926 0.186760 0.012425
v -0.026124 0.193069 -0.012425
v -0.026124 0.193069 0.012425
v -0.013318 0.196953 -0.012425
v -0.013318 0.196953 0.012425
v 0.000000 0.198265 -0.012425
v 0.000000 0.198265 0.012425
v 0.013318 0.196953 -0.012425
v 0.013318 0.196953 0.012425
v 0.026124 0.193069 -0.012425
v 0.026124 0.193069 0.012425
v 0.037926 0.186760 -0.012425
v 0.037926 0.186760 0.012425
v 0.048271 0.178271 -0.012425
v 0.048271 0.178271 0.012425
v 0.056760 0.167926 -0.012425
v 0.056760 0.167926 0.012425
v 0.063069 0.156124 -0.012425
v 0.063069 0.156124 0.012425
v 0.066953 0.143318 -0.012425
v 0.066953 0.143318 0.012425
vt 0.290507 0.847421
vt 0.292106 0.863654
vt 0.318599 0.863654
vt 0.316491 0.842252
vt 0.291435 0.863655
vt 0.289837 0.847421
vt 0.315821 0.842253
vt 0.317929 0.863655
vt 0.285772 0.831812
vt 0.310248 0.821673
vt 0.285101 0.831812
vt 0.309578 0.821673
vt 0.278082 0.817426
vt 0.300111 0.802707
vt 0.277412 0.817426
vt 0.299440 0.802707
vt 0.267734 0.804816
vt 0.286468 0.786083
vt 0.267064 0.804816
vt 0.285797 0.786083
vt 0.255125 0.794468
vt 0.269844 0.772440
vt 0.254455 0.794468
vt 0.269173 0.772440
vt 0.240739 0.786779
vt 0.250878 0.762302
vt 0.240069 0.786779
vt 0.250207 0.762302
vt 0.225129 0.782044
vt 0.230298 0.756059
vt 0.224459 0.782044
vt 0.229628 0.756059
vt 0.208896 0.780445
vt 0.208896 0.753951
vt 0.208226 0.780445
vt 0.208226 0.753951
vt 0.192663 0.782044
vt 0.187494 0.756059
vt 0.191992 0.782044
vt 0.186824 0.756059
vt 0.177053 0.786779
vt 0.166914 0.762302
vt 0.176383 0.786779
vt 0.166244 0.762302
vt 0.162667 0.794468
vt 0.147948 0.772440
vt 0.161997 0.794468
vt 0.147278 0.772440
vt 0.150058 0.804816
vt 0.131324 0.786083
vt 0.149388 0.804816
vt 0.130654 0.786083
vt 0.139710 0.817426
vt 0.117681 0.802707
vt 0.139039 0.817426
vt 0.117011 0.802707
vt 0.132020 0.831812
vt 0.107544 0.821673
vt 0.131350 0.831812
vt 0.106873 0.821673
vt 0.127285 0.847421
vt 0.101301 0.842252
vt 0.126615 0.847421
vt 0.100631 0.842253
vt 0.125686 0.863654
vt 0.099193 0.863655
vt 0.125016 0.863655
vt 0.098523 0.863655
vt 0.127285 0.879888
vt 0.101301 0.885057
vt 0.126615 0.879888
vt 0.100631 0.885057
vt 0.132020 0.895498
vt 0.107544 0.905636
vt 0.131350 0.895498
vt 0.106873 0.905636
vt 0.139710 0.909883
vt 0.117681 0.924602
vt 0.139039 0.909883
vt 0.117011 0.924602
vt 0.150058 0.922493
vt 0.131324 0.941226
vt 0.149388 0.922493
vt 0.130654 0.941226
vt 0.162667 0.932841
vt 0.147948 0.954869
vt 0.161997 0.932841
vt 0.147278 0.954869
vt 0.177053 0.940530
vt 0.166915 0.965007
vt 0.176383 0.940530
vt 0.166244 0.965007
vt 0.192663 0.945265
vt 0.187494 0.971250
vt 0.191992 0.945265
vt 0.186824 0.971250
vt 0.208896 0.946864
vt 0.208896 0.973358
vt 0.208226 0.946864
vt 0.208226 0.973358
vt 0.225130 0.945265
vt 0.230298 0.971250
vt 0.224459 0.945265
vt 0.229628 0.971250
vt 0.240739 0.940530
vt 0.250878 0.965007
vt 0.240069 0.940530
vt 0.250207 0.965007
vt 0.255125 0.932841
vt 0.269844 0.954869
vt 0.254455 0.932841
vt 0.269174 0.954869
vt 0.267734 0.922493
vt 0.286468 0.941226
vt 0.267064 0.922493
vt 0.285798 0.941226
vt 0.278082 0.909883
vt 0.300111 0.924602
vt 0.277412 0.909883
vt 0.299441 0.924602
vt 0.285772 0.895497
vt 0.310249 0.905636
vt 0.285102 0.895497
vt 0.309578 0.905636
vt 0.290507 0.879888
vt 0.316491 0.885056
vt 0.289837 0.879888
vt 0.315821 0.885056
vt 0.208896 0.863654
vt 0.292106 0.863655
vt 0.290507 0.847421
vt 0.208226 0.863654
vt 0.289837 0.847421
vt 0.291435 0.863655
vt 0.285772 0.831812
vt 0.285101 0.831812
vt 0.278082 0.817426
vt 0.277412 0.817426
vt 0.267734 0.804816
vt 0.267064 0.804816
vt 0.255125 0.794468
vt 0.254455 0.794468
vt 0.240739 0.786779
vt 0.240069 0.786779
vt 0.225129 0.782044
vt 0.224459 0.782044
vt 0.208896 0.780445
vt 0.208226 0.780445
vt 0.192663 0.782044
vt 0.191992 0.782044
vt 0.177053 0.786779
vt 0.176383 0.786779
vt 0.162667 0.794468
vt 0.161997 0.794468
vt 0.150058 0.804816
vt 0.149388 0.804816
vt 0.139710 0.817426
vt 0.139039 0.817426
vt 0.132020 0.831812
vt 0.131350 0.831812
vt 0.127285 0.847421
vt 0.126615 0.847421
vt 0.125686 0.863655
vt 0.125016 0.863655
vt 0.127285 0.879888
vt 0.126615 0.879888
vt 0.132020 0.895498
vt 0.131350 0.895498
vt 0.139710 0.909883
vt 0.139039 0.909883
vt 0.150058 0.922493
vt 0.149388 0.922493
vt 0.162667 0.932841
vt 0.161997 0.932841
vt 0.177053 0.940530
vt 0.176383 0.940530
vt 0.192663 0.945265
vt 0.191992 0.945265
vt 0.208896 0.946864
vt 0.208226 0.946864
vt 0.225130 0.945265
vt 0.224459 0.945265
vt 0.240739 0.940530
vt 0.240069 0.940530
vt 0.255125 0.932841
vt 0.254455 0.932841
vt 0.267734 0.922493
vt 0.267064 0.922493
vt 0.278082 0.909883
vt 0.277412 0.909883
vt 0.285772 0.895497
vt 0.285102 0.895497
vt 0.290507 0.879888
vt 0.289837 0.879888
vt 0.009416 0.533299
vt 0.009416 0.535360
vt 0.044894 0.535360
vt 0.044894 0.533299
vt 0.009416 0.729784
vt 0.009416 0.739698
vt 0.044894 0.739698
vt 0.044894 0.729784
vt 0.005793 0.864901
vt 0.091117 0.864901
vt 0.091117 0.843499
vt 0.005793 0.843499
vt 0.088292 0.533299
vt 0.088292 0.535360
vt 0.052815 0.535360
vt 0.052815 0.533299
vt 0.088292 0.729784
vt 0.088292 0.716442
vt 0.052815 0.716442
vt 0.052815 0.729784
vt 0.091117 0.822920
vt 0.005793 0.822920
vt 0.009416 0.535360
vt 0.044894 0.535360
vt 0.009416 0.716442
vt 0.044894 0.716442
vt 0.091117 0.803954
vt 0.005793 0.803954
vt 0.088292 0.541465
vt 0.052815 0.541465
vt 0.088292 0.700185
vt 0.052815 0.700185
vt 0.091117 0.787330
vt 0.005793 0.787330
vt 0.009416 0.541465
vt 0.044894 0.541465
vt 0.009416 0.700185
vt 0.044894 0.700185
vt 0.091117 0.773687
vt 0.005793 0.773687
vt 0.088292 0.551380
vt 0.052815 0.551380
vt 0.088292 0.681637
vt 0.052815 0.681637
vt 0.091117 0.763549
vt 0.005793 0.763549
vt 0.088292 0.640582
vt 0.088292 0.661511
vt 0.052815 0.661511
vt 0.052815 0.640582
vt 0.009416 0.551380
vt 0.044894 0.551380
vt 0.091117 0.757306
vt 0.005793 0.757306
vt 0.009416 0.681637
vt 0.044894 0.681637
vt 0.009416 0.661511
vt 0.009416 0.640582
vt 0.044894 0.640582
vt 0.044894 0.661511
vt 0.091117 0.755198
vt 0.005793 0.755198
vt 0.088292 0.564721
vt 0.052815 0.564721
vt 0.088292 0.661511
vt 0.052815 0.661511
vt 0.091117 0.757306
vt 0.005793 0.757306
vt 0.088292 0.681637
vt 0.052815 0.681637
vt 0.009416 0.564721
vt 0.044894 0.564721
vt 0.091117 0.763549
vt 0.005793 0.763549
vt 0.009416 0.661511
vt 0.044894 0.661511
vt 0.009416 0.681637
vt 0.044894 0.681637
vt 0.091117 0.773687
vt 0.005793 0.773687
vt 0.088292 0.580979
vt 0.052815 0.580979
vt 0.088292 0.640582
vt 0.052815 0.640582
vt 0.091117 0.787329
vt 0.005793 0.787329
vt 0.088292 0.700184
vt 0.052815 0.700184
vt 0.009416 0.580979
vt 0.044894 0.580979
vt 0.091117 0.803954
vt 0.005793 0.803954
vt 0.009416 0.640582
vt 0.044894 0.640582
vt 0.009416 0.700184
vt 0.044894 0.700184
vt 0.091117 0.822920
vt 0.005793 0.822920
vt 0.088292 0.599526
vt 0.052815 0.599526
vt 0.088292 0.619652
vt 0.052815 0.619652
vt 0.091117 0.843499
vt 0.005793 0.843499
vt 0.088292 0.716442
vt 0.052815 0.716442
vt 0.009416 0.599526
vt 0.044894 0.599526
vt 0.091117 0.864901
vt 0.005793 0.864901
vt 0.009416 0.619652
vt 0.044894 0.619652
vt 0.009416 0.716442
vt 0.044894 0.716442
vt 0.091117 0.886303
vt 0.005793 0.886303
vt 0.088292 0.619652
vt 0.052815 0.619652
vt 0.088292 0.599526
vt 0.052815 0.599526
vt 0.091117 0.906883
vt 0.005793 0.906883
vt 0.088292 0.729784
vt 0.052815 0.729784
vt 0.009416 0.619652
vt 0.044894 0.619652
vt 0.091117 0.925849
vt 0.005793 0.925849
vt 0.009416 0.599526
vt 0.044894 0.599526
vt 0.009416 0.729784
vt 0.044894 0.729784
vt 0.091117 0.942473
vt 0.005793 0.942473
vt 0.088292 0.580979
vt 0.052815 0.580979
vt 0.091117 0.956116
vt 0.005793 0.956116
vt 0.088292 0.739698
vt 0.052815 0.739698
vt 0.091117 0.966254
vt 0.005793 0.966254
vt 0.009416 0.580979
vt 0.044894 0.580979
vt 0.009416 0.739698
vt 0.044894 0.739698
vt 0.091117 0.972497
vt 0.005793 0.972497
vt 0.088292 0.564721
vt 0.052815 0.564721
vt 0.088292 0.745803
vt 0.052815 0.745803
vt 0.091117 0.974605
vt 0.005793 0.974605
vt 0.009416 0.564721
vt 0.044894 0.564721
vt 0.009416 0.745803
vt 0.044894 0.745803
vt 0.091117 0.972497
vt 0.005793 0.972497
vt 0.088292 0.551380
vt 0.052815 0.551380
vt 0.088292 0.747864
vt 0.052815 0.747864
vt 0.091117 0.966254
vt 0.005793 0.966254
vt 0.009416 0.551380
vt 0.044894 0.551380
vt 0.009416 0.747864
vt 0.044894 0.747864
vt 0.091117 0.956116
vt 0.005793 0.956116
vt 0.088292 0.541465
vt 0.052815 0.541465
vt 0.088292 0.745803
vt 0.052815 0.745803
vt 0.091117 0.942473
vt 0.005793 0.942473
vt 0.009416 0.541465
vt 0.044894 0.541465
vt 0.009416 0.745803
vt 0.044894 0.745803
vt 0.091117 0.925849
vt 0.005793 0.925849
vt 0.088292 0.535360
vt 0.052815 0.535360
vt 0.088292 0.739698
vt 0.052815 0.739698
vt 0.091117 0.906883
vt 0.005793 0.906883
vt 0.091117 0.886303
vt 0.005793 0.886303
vn -0.0000 0.0000 -1.0000
vn 0.0000 -0.0000 1.0000
vn 0.0000 0.6836 -0.7298
vn 0.1333 0.6705 -0.7298
vn 0.1420 0.7139 -0.6857
vn 0.0000 0.7279 -0.6857
vn 0.3798 -0.5684 -0.7298
vn 0.2616 -0.6316 -0.7298
vn 0.2785 -0.6725 -0.6857
vn 0.4044 -0.6052 -0.6857
vn 0.7279 0.0000 -0.6857
vn 0.7279 0.0000 0.6857
vn 0.7139 -0.1420 0.6857
vn 0.7139 -0.1420 -0.6857
vn 0.0000 0.6836 0.7298
vn -0.1333 0.6705 0.7298
vn -0.1420 0.7139 0.6857
vn 0.0000 0.7279 0.6857
vn 0.3798 -0.5684 0.7298
vn 0.4834 -0.4834 0.7298
vn 0.5147 -0.5147 0.6857
vn 0.4044 -0.6052 0.6857
vn 0.6725 -0.2785 0.6857
vn 0.6725 -0.2785 -0.6857
vn -0.1333 0.6705 -0.7298
vn -0.1420 0.7139 -0.6857
vn 0.4834 -0.4834 -0.7298
vn 0.5147 -0.5147 -0.6857
vn 0.6052 -0.4044 0.6857
vn 0.6052 -0.4044 -0.6857
vn -0.2616 0.6316 0.7298
vn -0.2785 0.6725 0.6857
vn 0.5684 -0.3798 0.7298
vn -0.2616 0.6316 -0.7298
vn -0.2785 0.6725 -0.6857
vn 0.5684 -0.3798 -0.7298
vn -0.3798 0.5684 0.7298
vn -0.4044 0.6052 0.6857
vn 0.6316 -0.2616 0.7298
vn 0.2785 -0.6725 0.6857
vn -0.6836 0.0000 0.7298
vn -0.6705 -0.1333 0.7298
vn -0.7139 -0.1420 0.6857
vn -0.7279 0.0000 0.6857
vn -0.3798 0.5684 -0.7298
vn -0.4044 0.6052 -0.6857
vn 0.1420 -0.7139 0.6857
vn 0.1420 -0.7139 -0.6857
vn 0.6316 -0.2616 -0.7298
vn -0.6705 -0.1333 -0.7298
vn -0.6836 0.0000 -0.7298
vn -0.7279 0.0000 -0.6857
vn -0.7139 -0.1420 -0.6857
vn 0.0000 -0.7279 0.6857
vn 0.0000 -0.7279 -0.6857
vn -0.4834 0.4834 0.7298
vn -0.5147 0.5147 0.6857
vn 0.6705 -0.1333 0.7298
vn -0.1420 -0.7139 0.6857
vn -0.1420 -0.7139 -0.6857
vn -0.6316 -0.2616 0.7298
vn -0.6725 -0.2785 0.6857
vn -0.4834 0.4834 -0.7298
vn -0.5147 0.5147 -0.6857
vn -0.2785 -0.6725 0.6857
vn -0.2785 -0.6725 -0.6857
vn 0.6705 -0.1333 -0.7298
vn -0.6316 -0.2616 -0.7298
vn -0.6725 -0.2785 -0.6857
vn -0.4044 -0.6052 0.6857
vn -0.4044 -0.6052 -0.6857
vn -0.5684 0.3798 0.7298
vn -0.6052 0.4044 0.6857
vn 0.6836 0.0000 0.7298
vn -0.5147 -0.5147 0.6857
vn -0.5147 -0.5147 -0.6857
vn -0.5684 -0.3798 0.7298
vn -0.6052 -0.4044 0.6857
vn -0.5684 0.3798 -0.7298
vn -0.6052 0.4044 -0.6857
vn -0.6052 -0.4044 -0.6857
vn 0.6836 0.0000 -0.7298
vn -0.5684 -0.3798 -0.7298
vn -0.6316 0.2616 0.7298
vn -0.6725 0.2785 0.6857
vn 0.6705 0.1333 0.7298
vn 0.7139 0.1420 0.6857
vn -0.4834 -0.4834 0.7298
vn -0.6316 0.2616 -0.7298
vn -0.6725 0.2785 -0.6857
vn 0.6705 0.1333 -0.7298
vn 0.7139 0.1420 -0.6857
vn -0.4834 -0.4834 -0.7298
vn -0.7139 0.1420 0.6857
vn -0.7139 0.1420 -0.6857
vn -0.6705 0.1333 0.7298
vn 0.6316 0.2616 0.7298
vn 0.6725 0.2785 0.6857
vn -0.3798 -0.5684 0.7298
vn -0.6705 0.1333 -0.7298
vn 0.6316 0.2616 -0.7298
vn 0.6725 0.2785 -0.6857
vn -0.3798 -0.5684 -0.7298
vn 0.5684 0.3798 0.7298
vn 0.6052 0.4044 0.6857
vn -0.2616 -0.6316 0.7298
vn 0.5684 0.3798 -0.7298
vn 0.6052 0.4044 -0.6857
vn -0.2616 -0.6316 -0.7298
vn 0.4834 0.4834 0.7298
vn 0.5147 0.5147 0.6857
vn -0.1334 -0.6705 0.7298
vn 0.4834 0.4834 -0.7298
vn 0.5147 0.5147 -0.6857
vn -0.1334 -0.6705 -0.7298
vn 0.1420 0.7139 0.6857
vn 0.3798 0.5684 0.7298
vn 0.4044 0.6052 0.6857
vn 0.0000 -0.6836 0.7298
vn 0.2785 0.6725 0.6857
vn 0.2785 0.6725 -0.6857
vn 0.3798 0.5684 -0.7298
vn 0.4044 0.6052 -0.6857
vn 0.0000 -0.6836 -0.7298
vn 0.2616 0.6316 0.7298
vn 0.1333 -0.6705 0.7298
vn 0.2616 0.6316 -0.7298
vn 0.1333 -0.6705 -0.7298
vn 0.1333 0.6705 0.7298
vn 0.2616 -0.6316 0.7298
usemtl Empire_Longsword
s off
f 467/699/388 466/700/388 402/701/388 404/702/388
f 469/703/389 468/704/389 405/705/389 403/706/389
f 470/707/388 467/699/388 404/702/388 406/708/388
f 468/704/389 471/709/389 407/710/389 405/705/389
f 472/711/388 470/707/388 406/708/388 408/712/388
f 471/709/389 473/713/389 409/714/389 407/710/389
f 474/715/388 472/711/388 408/712/388 410/716/388
f 473/713/389 475/717/389 411/718/389 409/714/389
f 476/719/388 474/715/388 410/716/388 412/720/388
f 475/717/389 477/721/389 413/722/389 411/718/389
f 478/723/388 476/719/388 412/720/388 414/724/388
f 477/721/389 479/725/389 415/726/389 413/722/389
f 480/727/388 478/723/388 414/724/388 416/728/388
f 479/725/389 481/729/389 417/730/389 415/726/389
f 482/731/388 480/727/388 416/728/388 418/732/388
f 481/729/389 483/733/389 419/734/389 417/730/389
f 484/735/388 482/731/388 418/732/388 420/736/388
f 483/733/389 485/737/389 421/738/389 419/734/389
f 486/739/388 484/735/388 420/736/388 422/740/388
f 485/737/389 487/741/389 423/742/389 421/738/389
f 488/743/388 486/739/388 422/740/388 424/744/388
f 487/741/389 489/745/389 425/746/389 423/742/389
f 490/747/388 488/743/388 424/744/388 426/748/388
f 489/745/389 491/749/389 427/750/389 425/746/389
f 492/751/388 490/747/388 426/748/388 428/752/388
f 491/749/389 493/753/389 429/754/389 427/750/389
f 494/755/388 492/751/388 428/752/388 430/756/388
f 493/753/389 495/757/389 431/758/389 429/754/389
f 496/759/388 494/755/388 430/756/388 432/760/388
f 495/757/389 497/761/389 433/762/389 431/758/389
f 498/763/388 496/759/388 432/760/388 434/764/388
f 497/761/389 499/765/389 435/766/389 433/762/389
f 500/767/388 498/763/388 434/764/388 436/768/388
f 499/765/389 501/769/389 437/770/389 435/766/389
f 502/771/388 500/767/388 436/768/388 438/772/388
f 501/769/389 503/773/389 439/774/389 437/770/389
f 504/775/388 502/771/388 438/772/388 440/776/388
f 503/773/389 505/777/389 441/778/389 439/774/389
f 506/779/388 504/775/388 440/776/388 442/780/388
f 505/777/389 507/781/389 443/782/389 441/778/389
f 508/783/388 506/779/388 442/780/388 444/784/388
f 507/781/389 509/785/389 445/786/389 443/782/389
f 510/787/388 508/783/388 444/784/388 446/788/388
f 509/785/389 511/789/389 447/790/389 445/786/389
f 512/791/388 510/787/388 446/788/388 448/792/388
f 511/789/389 513/793/389 449/794/389 447/790/389
f 514/795/388 512/791/388 448/792/388 450/796/388
f 513/793/389 515/797/389 451/798/389 449/794/389
f 516/799/388 514/795/388 450/796/388 452/800/388
f 515/797/389 517/801/389 453/802/389 451/798/389
f 518/803/388 516/799/388 452/800/388 454/804/388
f 517/801/389 519/805/389 455/806/389 453/802/389
f 520/807/388 518/803/388 454/804/388 456/808/388
f 519/805/389 521/809/389 457/810/389 455/806/389
f 522/811/388 520/807/388 456/808/388 458/812/388
f 521/809/389 523/813/389 459/814/389 457/810/389
f 524/815/388 522/811/388 458/812/388 460/816/388
f 523/813/389 525/817/389 461/818/389 459/814/389
f 526/819/388 524/815/388 460/816/388 462/820/388
f 525/817/389 527/821/389 463/822/389 461/818/389
f 528/823/388 526/819/388 462/820/388 464/824/388
f 527/821/389 529/825/389 465/826/389 463/822/389
f 466/700/388 528/823/388 464/824/388 402/701/388
f 529/825/389 469/703/389 403/706/389 465/826/389
f 531/827/388 532/828/388 530/829/388
f 534/830/389 535/831/389 533/832/389
f 531/827/388 530/829/388 536/833/388
f 534/830/389 537/834/389 535/831/389
f 531/827/388 536/833/388 538/835/388
f 534/830/389 539/836/389 537/834/389
f 531/827/388 538/835/388 540/837/388
f 534/830/389 541/838/389 539/836/389
f 531/827/388 540/837/388 542/839/388
f 534/830/389 543/840/389 541/838/389
f 531/827/388 542/839/388 544/841/388
f 534/830/389 545/842/389 543/840/389
f 531/827/388 544/841/388 546/843/388
f 534/830/389 547/844/389 545/842/389
f 531/827/388 546/843/388 548/845/388
f 534/830/389 549/846/389 547/844/389
f 531/827/388 548/845/388 550/847/388
f 534/830/389 551/848/389 549/846/389
f 531/827/388 550/847/388 552/849/388
f 534/830/389 553/850/389 551/848/389
f 531/827/388 552/849/388 554/851/388
f 534/830/389 555/852/389 553/850/389
f 531/827/388 554/851/388 556/853/388
f 534/830/389 557/854/389 555/852/389
f 531/827/388 556/853/388 558/855/388
f 534/830/389 559/856/389 557/854/389
f 531/827/388 558/855/388 560/857/388
f 534/830/389 561/858/389 559/856/389
f 531/827/388 560/857/388 562/859/388
f 534/830/389 563/860/389 561/858/389
f 531/827/388 562/859/388 564/861/388
f 534/830/389 565/862/389 563/860/389
f 531/827/388 564/861/388 566/863/388
f 534/830/389 567/864/389 565/862/389
f 531/827/388 566/863/388 568/865/388
f 534/830/389 569/866/389 567/864/389
f 531/827/388 568/865/388 570/867/388
f 534/830/389 571/868/389 569/866/389
f 531/827/388 570/867/388 572/869/388
f 534/830/389 573/870/389 571/868/389
f 531/827/388 572/869/388 574/871/388
f 534/830/389 575/872/389 573/870/389
f 531/827/388 574/871/388 576/873/388
f 534/830/389 577/874/389 575/872/389
f 531/827/388 576/873/388 578/875/388
f 534/830/389 579/876/389 577/874/389
f 531/827/388 578/875/388 580/877/388
f 534/830/389 581/878/389 579/876/389
f 531/827/388 580/877/388 582/879/388
f 534/830/389 583/880/389 581/878/389
f 531/827/388 582/879/388 584/881/388
f 534/830/389 585/882/389 583/880/389
f 531/827/388 584/881/388 586/883/388
f 534/830/389 587/884/389 585/882/389
f 531/827/388 586/883/388 588/885/388
f 534/830/389 589/886/389 587/884/389
f 531/827/388 588/885/388 590/887/388
f 534/830/389 591/888/389 589/886/389
f 531/827/388 590/887/388 592/889/388
f 534/830/389 593/890/389 591/888/389
f 531/827/388 592/889/388 594/891/388
f 534/830/389 595/892/389 593/890/389
f 531/827/388 594/891/388 532/828/388
f 534/830/389 533/832/389 595/892/389
s 1
f 482/893/390 484/894/391 550/895/392 548/896/393
f 508/897/394 510/898/395 576/899/396 574/900/397
f 402/901/398 403/902/399 405/903/400 404/904/401
f 483/905/402 481/906/403 547/907/404 549/908/405
f 509/909/406 507/910/407 573/911/408 575/912/409
f 404/904/401 405/903/400 407/913/410 406/914/411
f 480/915/412 482/893/390 548/896/393 546/916/413
f 506/917/414 508/897/394 574/900/397 572/918/415
f 406/914/411 407/913/410 409/919/416 408/920/417
f 481/906/403 479/921/418 545/922/419 547/907/404
f 507/910/407 505/923/420 571/924/416 573/911/408
f 408/920/417 409/919/416 411/925/408 410/926/415
f 478/927/421 480/915/412 546/916/413 544/928/422
f 504/929/423 506/917/414 572/918/415 570/930/417
f 410/926/415 411/925/408 413/931/409 412/932/397
f 479/921/418 477/933/424 543/934/425 545/922/419
f 505/923/420 503/935/426 569/936/410 571/924/416
f 412/932/397 413/931/409 415/937/427 414/938/396
f 469/939/428 529/940/429 595/941/430 533/942/431
f 476/943/432 478/927/421 544/928/422 542/944/433
f 414/938/396 415/937/427 417/945/434 416/946/435
f 502/947/436 504/929/423 570/930/417 568/948/411
f 528/949/437 466/950/438 532/951/439 594/952/440
f 416/946/435 417/945/434 419/953/441 418/954/442
f 477/933/424 475/955/443 541/956/444 543/934/425
f 503/935/426 501/957/445 567/958/400 569/936/410
f 418/954/442 419/953/441 421/959/446 420/960/447
f 529/940/429 527/961/448 593/962/449 595/941/430
f 474/963/450 476/943/432 542/944/433 540/964/451
f 420/960/447 421/959/446 423/965/452 422/966/453
f 500/967/454 502/947/436 568/948/411 566/968/401
f 526/969/455 528/949/437 594/952/440 592/970/456
f 422/966/453 423/965/452 425/971/457 424/972/458
f 475/955/443 473/973/459 539/974/460 541/956/444
f 501/957/445 499/975/461 565/976/399 567/958/400
f 424/972/458 425/971/457 427/977/462 426/978/463
f 527/961/448 525/979/464 591/980/465 593/962/449
f 472/981/466 474/963/450 540/964/451 538/982/467
f 426/978/463 427/977/462 429/983/465 428/984/468
f 498/985/469 500/967/454 566/968/401 564/986/398
f 524/987/470 526/969/455 592/970/456 590/988/468
f 428/984/468 429/983/465 431/989/449 430/990/456
f 473/973/459 471/991/471 537/992/472 539/974/460
f 499/975/461 497/993/473 563/994/474 565/976/399
f 430/990/456 431/989/449 433/995/430 432/996/440
f 525/979/464 523/997/475 589/998/462 591/980/465
f 470/999/476 472/981/466 538/982/467 536/1000/477
f 432/996/440 433/995/430 435/1001/431 434/1002/439
f 496/1003/478 498/985/469 564/986/398 562/1004/479
f 522/1005/480 524/987/470 590/988/468 588/1006/463
f 434/1002/439 435/1001/431 437/1007/481 436/1008/482
f 471/991/471 468/1009/483 535/1010/481 537/992/472
f 497/993/473 495/1011/484 561/1012/485 563/994/474
f 436/1008/482 437/1007/481 439/1013/472 438/1014/477
f 523/997/475 521/1015/486 587/1016/457 589/998/462
f 467/1017/487 470/999/476 536/1000/477 530/1018/482
f 438/1014/477 439/1013/472 441/1019/460 440/1020/467
f 494/1021/488 496/1003/478 562/1004/479 560/1022/489
f 520/1023/490 522/1005/480 588/1006/463 586/1024/458
f 440/1020/467 441/1019/460 443/1025/444 442/1026/451
f 468/1009/483 469/939/428 533/942/431 535/1010/481
f 495/1011/484 493/1027/491 559/1028/492 561/1012/485
f 442/1026/451 443/1025/444 445/1029/425 444/1030/433
f 521/1015/486 519/1031/493 585/1032/452 587/1016/457
f 466/950/438 467/1017/487 530/1018/482 532/951/439
f 444/1030/433 445/1029/425 447/1033/419 446/1034/422
f 492/1035/494 494/1021/488 560/1022/489 558/1036/495
f 518/1037/496 520/1023/490 586/1024/458 584/1038/453
f 446/1034/422 447/1033/419 449/1039/404 448/1040/413
f 493/1027/491 491/1041/497 557/1042/498 559/1028/492
f 519/1031/493 517/1043/499 583/1044/446 585/1032/452
f 448/1040/413 449/1039/404 451/1045/405 450/1046/393
f 490/1047/500 492/1035/494 558/1036/495 556/1048/501
f 516/1049/502 518/1037/496 584/1038/453 582/1050/447
f 450/1046/393 451/1045/405 453/1051/503 452/1052/392
f 491/1041/497 489/1053/504 555/1054/505 557/1042/498
f 517/1043/499 515/1055/506 581/1056/441 583/1044/446
f 452/1052/392 453/1051/503 455/1057/507 454/1058/508
f 488/1059/509 490/1047/500 556/1048/501 554/1060/510
f 514/1061/511 516/1049/502 582/1050/447 580/1062/442
f 454/1058/508 455/1057/507 457/1063/505 456/1064/510
f 489/1053/504 487/1065/512 553/1066/507 555/1054/505
f 515/1055/506 513/1067/513 579/1068/434 581/1056/441
f 456/1064/510 457/1063/505 459/1069/498 458/1070/501
f 486/1071/514 488/1059/509 554/1060/510 552/1072/508
f 512/1073/515 514/1061/511 580/1062/442 578/1074/435
f 458/1070/501 459/1069/498 461/1075/492 460/1076/495
f 487/1065/512 485/1077/516 551/1078/503 553/1066/507
f 513/1067/513 511/1079/517 577/1080/427 579/1068/434
f 460/1076/495 461/1075/492 463/1081/485 462/1082/489
f 484/894/391 486/1071/514 552/1072/508 550/895/392
f 510/898/395 512/1073/515 578/1074/435 576/899/396
f 462/1082/489 463/1081/485 465/1083/474 464/1084/479
f 485/1077/516 483/905/402 549/908/405 551/1078/503
f 511/1079/517 509/909/406 575/912/409 577/1080/427
f 464/1084/479 465/1083/474 403/902/399 402/901/398
o Pommel_Skull
v -0.017854 0.077992 -0.007004
v -0.049570 0.158860 -0.007004
v -0.020504 0.084850 -0.025161
v -0.043789 0.155926 -0.028752
v -0.022029 0.158307 -0.026768
v -0.030717 0.163504 -0.007004
v -0.020313 0.177992 -0.022013
v -0.024041 0.183604 -0.006926
v -0.041025 0.094167 -0.007004
v -0.049607 0.110340 -0.007004
v -0.050074 0.126513 -0.007004
v -0.052168 0.142687 -0.007004
v -0.033202 0.132962 -0.029901
v -0.043447 0.126309 -0.030569
v -0.039794 0.109347 -0.028526
v -0.033676 0.098582 -0.027860
v -0.026287 0.089632 -0.026953
v -0.032838 0.086080 -0.007004
v -0.050481 0.118427 -0.007004
v -0.030847 0.119367 -0.030372
v -0.031794 0.086612 -0.023225
v -0.020855 0.081997 -0.019771
v -0.030724 0.163504 -0.023031
v -0.049581 0.158860 -0.025014
v -0.023617 0.183604 -0.020130
v -0.052212 0.142687 -0.024705
v -0.050137 0.126470 -0.024705
v -0.050539 0.118425 -0.024705
v -0.049655 0.110340 -0.024705
v -0.039874 0.095841 -0.022639
v -0.009889 0.149909 -0.028512
v -0.012753 0.132634 -0.029571
v -0.008210 0.148354 -0.027455
v -0.005541 0.142450 -0.027455
v -0.042449 0.118230 -0.029953
v -0.008614 0.127013 -0.030479
v -0.014919 0.119267 -0.030697
v -0.045956 0.142686 -0.030084
v -0.036483 0.125852 -0.030470
v -0.006778 0.142321 -0.030549
v -0.006573 0.077283 -0.024705
v -0.010985 0.157555 -0.027605
v -0.007333 0.077342 -0.007004
v -0.009807 0.183604 -0.021376
v -0.012122 0.183604 -0.007004
v -0.015499 0.097180 -0.031983
v -0.019431 0.108972 -0.031245
v -0.011103 0.089207 -0.031240
v -0.021452 0.116168 -0.030809
v -0.008629 0.082908 -0.028503
v -0.009797 0.178403 -0.024838
v -0.026873 0.152917 -0.028632
v -0.026400 0.142377 -0.030316
v -0.022666 0.117207 -0.030623
v -0.023149 0.134555 -0.029699
v -0.022669 0.122661 -0.027190
v -0.010422 0.125592 -0.026649
v -0.016021 0.119383 -0.027049
v -0.022683 0.117622 -0.027151
v -0.031818 0.131610 -0.026970
v -0.034628 0.125292 -0.027251
v -0.029719 0.119506 -0.027191
v -0.023102 0.133016 -0.026617
v -0.014077 0.131249 -0.026478
v -0.005492 0.157179 -0.028024
v -0.003666 0.077090 -0.007004
v -0.005270 0.183604 -0.022499
v -0.007609 0.095507 -0.031800
v -0.009716 0.109656 -0.031190
v -0.005402 0.088400 -0.031191
v -0.010726 0.118112 -0.030972
v -0.005281 0.177954 -0.026546
v -0.018381 0.151413 -0.028572
v -0.016589 0.142349 -0.030433
v -0.018792 0.118237 -0.030660
v -0.017951 0.133595 -0.029635
v -0.003287 0.077071 -0.024705
v -0.006061 0.183604 -0.007004
v -0.003755 0.082184 -0.029130
v -0.016546 0.124127 -0.026919
v -0.019352 0.118502 -0.027100
v -0.018590 0.132132 -0.026547
v -0.012801 0.079087 -0.021909
v -0.018229 0.183604 -0.006973
v -0.014921 0.083954 -0.026872
v -0.016507 0.157931 -0.027187
v -0.012593 0.077762 -0.007004
v -0.014217 0.183604 -0.020134
v -0.025107 0.097592 -0.031278
v -0.031433 0.110116 -0.030907
v -0.018630 0.089571 -0.030197
v -0.032876 0.117229 -0.030689
v -0.014644 0.177750 -0.025049
v -0.035331 0.154422 -0.028692
v -0.036178 0.142531 -0.030200
v -0.026756 0.118287 -0.030497
v -0.028175 0.133759 -0.029800
v -0.028648 0.123977 -0.027221
v -0.026201 0.118564 -0.027171
v -0.027460 0.132313 -0.026793
v 0.017854 0.077992 -0.007004
v 0.049570 0.158860 -0.007004
v 0.020504 0.084850 -0.025161
v 0.043789 0.155926 -0.028752
v 0.000000 0.156803 -0.028442
v 0.022029 0.158307 -0.026768
v 0.030717 0.163504 -0.007004
v 0.000000 0.076985 -0.024705
v 0.000000 0.076985 -0.007004
v 0.000000 0.179072 -0.027247
v 0.000000 0.183604 -0.007004
v 0.020313 0.177992 -0.022013
v 0.024041 0.183604 -0.006926
v 0.041025 0.094167 -0.007004
v 0.049607 0.110340 -0.007004
v 0.050074 0.126513 -0.007004
v 0.052168 0.142687 -0.007004
v 0.033202 0.132962 -0.029901
v 0.043447 0.126309 -0.030569
v 0.039794 0.109347 -0.028526
v 0.033676 0.098582 -0.027860
v 0.026287 0.089632 -0.026953
v 0.032838 0.086080 -0.007004
v 0.050481 0.118427 -0.007004
v 0.030847 0.119367 -0.030372
v 0.031794 0.086612 -0.023225
v 0.020855 0.081997 -0.019771
v 0.000000 0.081761 -0.029277
v 0.030724 0.163504 -0.023031
v 0.049581 0.158860 -0.025014
v 0.000000 0.087793 -0.031146
v 0.023617 0.183604 -0.020130
v 0.000000 0.183604 -0.023491
v 0.052212 0.142687 -0.024705
v 0.050137 0.126470 -0.024705
v 0.050539 0.118425 -0.024705
v 0.049655 0.110340 -0.024705
v 0.039874 0.095841 -0.022639
v 0.000000 0.129777 -0.031136
v 0.000000 0.120057 -0.031136
v 0.000000 0.110340 -0.031136
v 0.000000 0.094162 -0.031523
v 0.009889 0.149909 -0.028512
v 0.012753 0.132634 -0.029571
v 0.008210 0.148354 -0.027455
v 0.000000 0.146641 -0.027455
v 0.000000 0.142282 -0.027455
v 0.000000 0.134394 -0.027455
v 0.005541 0.142450 -0.027455
v 0.000000 0.152750 -0.027455
v 0.042449 0.118230 -0.029953
v 0.008614 0.127013 -0.030479
v 0.014919 0.119267 -0.030697
v 0.045956 0.142686 -0.030084
v 0.036483 0.125852 -0.030470
v 0.006778 0.142321 -0.030549
v 0.006573 0.077283 -0.024705
v 0.010985 0.157555 -0.027605
v 0.007333 0.077342 -0.007004
v 0.009807 0.183604 -0.021376
v 0.012122 0.183604 -0.007004
v 0.015499 0.097180 -0.031983
v 0.019431 0.108972 -0.031245
v 0.011103 0.089207 -0.031240
v 0.021452 0.116168 -0.030809
v 0.008629 0.082908 -0.028503
v 0.009797 0.178403 -0.024838
v 0.026873 0.152917 -0.028632
v 0.026400 0.142377 -0.030316
v 0.022666 0.117207 -0.030623
v 0.023149 0.134555 -0.029699
v 0.022669 0.122661 -0.027190
v 0.010422 0.125592 -0.026649
v 0.016021 0.119383 -0.027049
v 0.022683 0.117622 -0.027151
v 0.031818 0.131610 -0.026970
v 0.034628 0.125292 -0.027251
v 0.029719 0.119506 -0.027191
v 0.023102 0.133016 -0.026617
v 0.014077 0.131249 -0.026478
v 0.005492 0.157179 -0.028024
v 0.003666 0.077090 -0.007004
v 0.005270 0.183604 -0.022499
v 0.007609 0.095507 -0.031800
v 0.009716 0.109656 -0.031190
v 0.005402 0.088400 -0.031191
v 0.010726 0.118112 -0.030972
v 0.005281 0.177954 -0.026546
v 0.018381 0.151413 -0.028572
v 0.016589 0.142349 -0.030433
v 0.018792 0.118237 -0.030660
v 0.017951 0.133595 -0.029635
v 0.003287 0.077071 -0.024705
v 0.006061 0.183604 -0.007004
v 0.003755 0.082184 -0.029130
v 0.016546 0.124127 -0.026919
v 0.019352 0.118502 -0.027100
v 0.018590 0.132132 -0.026547
v 0.012801 0.079087 -0.021909
v 0.018229 0.183604 -0.006973
v 0.014921 0.083954 -0.026872
v 0.016507 0.157931 -0.027187
v 0.012593 0.077762 -0.007004
v 0.014217 0.183604 -0.020134
v 0.025107 0.097592 -0.031278
v 0.031433 0.110116 -0.030907
v 0.018630 0.089571 -0.030197
v 0.032876 0.117229 -0.030689
v 0.014644 0.177750 -0.025049
v 0.035331 0.154422 -0.028692
v 0.036178 0.142531 -0.030200
v 0.026756 0.118287 -0.030497
v 0.028175 0.133759 -0.029800
v 0.028648 0.123977 -0.027221
v 0.026201 0.118564 -0.027171
v 0.027460 0.132313 -0.026793
v -0.017854 0.077992 0.007004
v -0.049570 0.158860 0.007004
v -0.020504 0.084850 0.025161
v -0.043789 0.155926 0.028752
v -0.022029 0.158307 0.026768
v -0.030717 0.163504 0.007004
v -0.020313 0.177992 0.022013
v -0.024041 0.183604 0.006926
v -0.041025 0.094167 0.007004
v -0.049607 0.110340 0.007004
v -0.050074 0.126513 0.007004
v -0.052168 0.142687 0.007004
v -0.033202 0.132962 0.029901
v -0.043447 0.126309 0.030569
v -0.039794 0.109347 0.028526
v -0.033676 0.098582 0.027860
v -0.026287 0.089632 0.026953
v -0.032838 0.086080 0.007004
v -0.050481 0.118427 0.007004
v -0.030847 0.119367 0.030372
v -0.031794 0.086612 0.023225
v -0.020855 0.081997 0.019771
v -0.030724 0.163504 0.023031
v -0.049581 0.158860 0.025014
v -0.023617 0.183604 0.020130
v -0.052212 0.142687 0.024705
v -0.050137 0.126470 0.024705
v -0.050539 0.118425 0.024705
v -0.049655 0.110340 0.024705
v -0.039874 0.095841 0.022639
v -0.009889 0.149909 0.028512
v -0.012753 0.132634 0.029571
v -0.008210 0.148354 0.027455
v -0.005541 0.142450 0.027455
v -0.042449 0.118230 0.029953
v -0.008614 0.127013 0.030479
v -0.014919 0.119267 0.030697
v -0.045956 0.142686 0.030084
v -0.036483 0.125852 0.030470
v -0.006778 0.142321 0.030549
v -0.006573 0.077283 0.024705
v -0.010985 0.157555 0.027605
v -0.007333 0.077342 0.007004
v -0.009807 0.183604 0.021376
v -0.012122 0.183604 0.007004
v -0.015499 0.097180 0.031983
v -0.019431 0.108972 0.031245
v -0.011103 0.089207 0.031240
v -0.021452 0.116168 0.030809
v -0.008629 0.082908 0.028503
v -0.009797 0.178403 0.024838
v -0.026873 0.152917 0.028632
v -0.026400 0.142377 0.030316
v -0.022666 0.117207 0.030623
v -0.023149 0.134555 0.029699
v -0.022669 0.122661 0.027190
v -0.010422 0.125592 0.026649
v -0.016021 0.119383 0.027049
v -0.022683 0.117622 0.027151
v -0.031818 0.131610 0.026970
v -0.034628 0.125292 0.027251
v -0.029719 0.119506 0.027191
v -0.023102 0.133016 0.026617
v -0.014077 0.131249 0.026478
v -0.005492 0.157179 0.028024
v -0.003666 0.077090 0.007004
v -0.005270 0.183604 0.022499
v -0.007609 0.095507 0.031800
v -0.009716 0.109656 0.031190
v -0.005402 0.088400 0.031191
v -0.010726 0.118112 0.030972
v -0.005281 0.177954 0.026546
v -0.018381 0.151413 0.028572
v -0.016589 0.142349 0.030433
v -0.018792 0.118237 0.030660
v -0.017951 0.133595 0.029635
v -0.003287 0.077071 0.024705
v -0.006061 0.183604 0.007004
v -0.003755 0.082184 0.029130
v -0.016546 0.124127 0.026919
v -0.019352 0.118502 0.027100
v -0.018590 0.132132 0.026547
v -0.012801 0.079087 0.021909
v -0.018229 0.183604 0.006973
v -0.014921 0.083954 0.026872
v -0.016507 0.157931 0.027187
v -0.012593 0.077762 0.007004
v -0.014217 0.183604 0.020134
v -0.025107 0.097592 0.031278
v -0.031433 0.110116 0.030907
v -0.018630 0.089571 0.030197
v -0.032876 0.117229 0.030689
v -0.014644 0.177750 0.025049
v -0.035331 0.154422 0.028692
v -0.036178 0.142531 0.030200
v -0.026756 0.118287 0.030497
v -0.028175 0.133759 0.029800
v -0.028648 0.123977 0.027221
v -0.026201 0.118564 0.027171
v -0.027460 0.132313 0.026793
v 0.017854 0.077992 0.007004
v 0.049570 0.158860 0.007004
v 0.020504 0.084850 0.025161
v 0.043789 0.155926 0.028752
v 0.000000 0.156803 0.028442
v 0.022029 0.158307 0.026768
v 0.030717 0.163504 0.007004
v 0.000000 0.076985 0.024705
v 0.000000 0.076985 0.007004
v 0.000000 0.179072 0.027247
v 0.000000 0.183604 0.007004
v 0.020313 0.177992 0.022013
v 0.024041 0.183604 0.006926
v 0.041025 0.094167 0.007004
v 0.049607 0.110340 0.007004
v 0.050074 0.126513 0.007004
v 0.052168 0.142687 0.007004
v 0.033202 0.132962 0.029901
v 0.043447 0.126309 0.030569
v 0.039794 0.109347 0.028526
v 0.033676 0.098582 0.027860
v 0.026287 0.089632 0.026953
v 0.032838 0.086080 0.007004
v 0.050481 0.118427 0.007004
v 0.030847 0.119367 0.030372
v 0.031794 0.086612 0.023225
v 0.020855 0.081997 0.019771
v 0.000000 0.081761 0.029277
v 0.030724 0.163504 0.023031
v 0.049581 0.158860 0.025014
v 0.000000 0.087793 0.031146
v 0.023617 0.183604 0.020130
v 0.000000 0.183604 0.023491
v 0.052212 0.142687 0.024705
v 0.050137 0.126470 0.024705
v 0.050539 0.118425 0.024705
v 0.049655 0.110340 0.024705
v 0.039874 0.095841 0.022639
v 0.000000 0.129777 0.031136
v 0.000000 0.120057 0.031136
v 0.000000 0.110340 0.031136
v 0.000000 0.094162 0.031523
v 0.009889 0.149909 0.028512
v 0.012753 0.132634 0.029571
v 0.008210 0.148354 0.027455
v 0.000000 0.146641 0.027455
v 0.000000 0.142282 0.027455
v 0.000000 0.134394 0.027455
v 0.005541 0.142450 0.027455
v 0.000000 0.152750 0.027455
v 0.042449 0.118230 0.029953
v 0.008614 0.127013 0.030479
v 0.014919 0.119267 0.030697
v 0.045956 0.142686 0.030084
v 0.036483 0.125852 0.030470
v 0.006778 0.142321 0.030549
v 0.006573 0.077283 0.024705
v 0.010985 0.157555 0.027605
v 0.007333 0.077342 0.007004
v 0.009807 0.183604 0.021376
v 0.012122 0.183604 0.007004
v 0.015499 0.097180 0.031983
v 0.019431 0.108972 0.031245
v 0.011103 0.089207 0.031240
v 0.021452 0.116168 0.030809
v 0.008629 0.082908 0.028503
v 0.009797 0.178403 0.024838
v 0.026873 0.152917 0.028632
v 0.026400 0.142377 0.030316
v 0.022666 0.117207 0.030623
v 0.023149 0.134555 0.029699
v 0.022669 0.122661 0.027190
v 0.010422 0.125592 0.026649
v 0.016021 0.119383 0.027049
v 0.022683 0.117622 0.027151
v 0.031818 0.131610 0.026970
v 0.034628 0.125292 0.027251
v 0.029719 0.119506 0.027191
v 0.023102 0.133016 0.026617
v 0.014077 0.131249 0.026478
v 0.005492 0.157179 0.028024
v 0.003666 0.077090 0.007004
v 0.005270 0.183604 0.022499
v 0.007609 0.095507 0.031800
v 0.009716 0.109656 0.031190
v 0.005402 0.088400 0.031191
v 0.010726 0.118112 0.030972
v 0.005281 0.177954 0.026546
v 0.018381 0.151413 0.028572
v 0.016589 0.142349 0.030433
v 0.018792 0.118237 0.030660
v 0.017951 0.133595 0.029635
v 0.003287 0.077071 0.024705
v 0.006061 0.183604 0.007004
v 0.003755 0.082184 0.029130
v 0.016546 0.124127 0.026919
v 0.019352 0.118502 0.027100
v 0.018590 0.132132 0.026547
v 0.012801 0.079087 0.021909
v 0.018229 0.183604 0.006973
v 0.014921 0.083954 0.026872
v 0.016507 0.157931 0.027187
v 0.012593 0.077762 0.007004
v 0.014217 0.183604 0.020134
v 0.025107 0.097592 0.031278
v 0.031433 0.110116 0.030907
v 0.018630 0.089571 0.030197
v 0.032876 0.117229 0.030689
v 0.014644 0.177750 0.025049
v 0.035331 0.154422 0.028692
v 0.036178 0.142531 0.030200
v 0.026756 0.118287 0.030497
v 0.028175 0.133759 0.029800
v 0.028648 0.123977 0.027221
v 0.026201 0.118564 0.027171
v 0.027460 0.132313 0.026793
vt 0.425392 0.283336
vt 0.425392 0.350569
vt 0.350525 0.350569
vt 0.351812 0.283336
vt 0.370814 0.453430
vt 0.370827 0.453430
vt 0.425719 0.453430
vt 0.425525 0.453430
vt 0.425392 0.369877
vt 0.358771 0.369877
vt 0.008504 0.281539
vt 0.089959 0.338326
vt 0.089959 0.304942
vt 0.022335 0.268734
vt 0.351812 0.010569
vt 0.351812 0.010210
vt 0.425392 0.010210
vt 0.425392 0.010650
vt 0.253455 0.285648
vt 0.245903 0.323848
vt 0.281692 0.317508
vt 0.294803 0.285532
vt 0.253802 0.351318
vt 0.230528 0.352903
vt 0.237760 0.435863
vt 0.261655 0.434845
vt 0.300605 0.058282
vt 0.291303 0.088234
vt 0.323370 0.082565
vt 0.323370 0.055722
vt 0.282423 0.147863
vt 0.323370 0.150745
vt 0.067792 0.496080
vt 0.101581 0.501436
vt 0.101894 0.491085
vt 0.072598 0.486359
vt 0.136523 0.494978
vt 0.171466 0.488521
vt 0.162566 0.479208
vt 0.132230 0.485146
vt 0.425392 0.048020
vt 0.425392 0.081636
vt 0.360398 0.088597
vt 0.357965 0.050232
vt 0.425392 0.148870
vt 0.351812 0.148870
vt 0.425392 0.182486
vt 0.425392 0.216103
vt 0.351812 0.215924
vt 0.351812 0.182481
vt 0.425392 0.014397
vt 0.372321 0.031046
vt 0.307546 0.032084
vt 0.323370 0.030299
vt 0.278166 0.183501
vt 0.323370 0.191696
vt 0.212586 0.063474
vt 0.236956 0.043317
vt 0.235479 0.031294
vt 0.189373 0.050745
vt 0.323370 0.010170
vt 0.309519 0.010534
vt 0.138823 0.342869
vt 0.114412 0.355233
vt 0.193885 0.374807
vt 0.223836 0.459515
vt 0.263455 0.459515
vt 0.129690 0.287067
vt 0.103323 0.287070
vt 0.140262 0.218047
vt 0.112070 0.218727
vt 0.144467 0.184000
vt 0.155659 0.146560
vt 0.114100 0.150745
vt 0.110375 0.184821
vt 0.181445 0.101191
vt 0.155320 0.089640
vt 0.089959 0.254621
vt 0.034127 0.219044
vt 0.044319 0.220104
vt 0.089959 0.115715
vt 0.089959 0.153751
vt 0.174468 0.336529
vt 0.089959 0.218717
vt 0.260494 0.188371
vt 0.287068 0.221014
vt 0.323370 0.232662
vt 0.244170 0.184028
vt 0.183442 0.246086
vt 0.169615 0.216121
vt 0.193365 0.188789
vt 0.204625 0.249443
vt 0.170898 0.286415
vt 0.269623 0.244705
vt 0.247716 0.248753
vt 0.225809 0.252801
vt 0.212107 0.285764
vt 0.210605 0.184237
vt 0.227846 0.179685
vt 0.232961 0.175306
vt 0.184816 0.179779
vt 0.300223 0.348149
vt 0.210114 0.330188
vt 0.277076 0.349734
vt 0.301114 0.435703
vt 0.282080 0.437595
vt 0.282039 0.459515
vt 0.301160 0.459515
vt 0.260487 0.039542
vt 0.287004 0.035135
vt 0.295667 0.011426
vt 0.269422 0.019033
vt 0.190896 0.149804
vt 0.241477 0.144980
vt 0.244853 0.063216
vt 0.276577 0.061681
vt 0.130867 0.391740
vt 0.104830 0.384813
vt 0.104712 0.387607
vt 0.127104 0.393524
vt 0.077330 0.392073
vt 0.049830 0.399333
vt 0.057415 0.400270
vt 0.081063 0.393938
vt 0.217559 0.097022
vt 0.258049 0.095285
vt 0.363435 0.018952
vt 0.351812 0.011449
vt 0.425392 0.011696
vt 0.425392 0.013442
vt 0.360980 0.453430
vt 0.365651 0.453430
vt 0.425392 0.453430
vt 0.425392 0.453430
vt 0.145970 0.431331
vt 0.187132 0.441181
vt 0.149497 0.399440
vt 0.064612 0.430323
vt 0.104807 0.421481
vt 0.199292 0.450734
vt 0.156905 0.398667
vt 0.011949 0.442930
vt 0.034003 0.490724
vt 0.043302 0.481634
vt 0.024417 0.439164
vt 0.356857 0.453430
vt 0.425392 0.453430
vt 0.323370 0.346564
vt 0.323370 0.440415
vt 0.323370 0.459515
vt 0.425392 0.283336
vt 0.351812 0.283336
vt 0.350525 0.350569
vt 0.425392 0.350569
vt 0.370814 0.453430
vt 0.425525 0.453430
vt 0.425719 0.453430
vt 0.370827 0.453430
vt 0.358771 0.369877
vt 0.425392 0.369877
vt 0.008504 0.281539
vt 0.022335 0.268734
vt 0.351812 0.010569
vt 0.425392 0.010650
vt 0.253455 0.285648
vt 0.294803 0.285532
vt 0.281692 0.317508
vt 0.245903 0.323848
vt 0.253802 0.351318
vt 0.261655 0.434845
vt 0.237760 0.435863
vt 0.230528 0.352903
vt 0.300605 0.058282
vt 0.291303 0.088234
vt 0.282423 0.147863
vt 0.067792 0.496080
vt 0.072598 0.486359
vt 0.101894 0.491085
vt 0.101581 0.501436
vt 0.136523 0.494978
vt 0.132230 0.485146
vt 0.162566 0.479208
vt 0.171466 0.488521
vt 0.425392 0.048020
vt 0.357965 0.050232
vt 0.360398 0.088597
vt 0.425392 0.081636
vt 0.351812 0.148870
vt 0.425392 0.148870
vt 0.425392 0.182486
vt 0.351812 0.182481
vt 0.351812 0.215924
vt 0.425392 0.216103
vt 0.425392 0.014397
vt 0.372321 0.031046
vt 0.307546 0.032084
vt 0.278166 0.183501
vt 0.212586 0.063474
vt 0.189373 0.050745
vt 0.235479 0.031294
vt 0.236956 0.043317
vt 0.309519 0.010534
vt 0.193885 0.374807
vt 0.114412 0.355233
vt 0.138823 0.342869
vt 0.263455 0.459515
vt 0.223836 0.459515
vt 0.103323 0.287070
vt 0.129690 0.287067
vt 0.112070 0.218727
vt 0.140262 0.218047
vt 0.144467 0.184000
vt 0.110375 0.184821
vt 0.114100 0.150745
vt 0.155659 0.146560
vt 0.155320 0.089640
vt 0.181445 0.101191
vt 0.034127 0.219044
vt 0.044319 0.220104
vt 0.174468 0.336529
vt 0.260494 0.188371
vt 0.287068 0.221014
vt 0.244170 0.184028
vt 0.183442 0.246086
vt 0.169615 0.216121
vt 0.193365 0.188789
vt 0.204625 0.249443
vt 0.170898 0.286415
vt 0.269623 0.244705
vt 0.247716 0.248753
vt 0.212107 0.285764
vt 0.225809 0.252801
vt 0.210605 0.184237
vt 0.184816 0.179779
vt 0.232961 0.175306
vt 0.227846 0.179685
vt 0.300223 0.348149
vt 0.277076 0.349734
vt 0.210114 0.330188
vt 0.301114 0.435703
vt 0.301160 0.459515
vt 0.282039 0.459515
vt 0.282080 0.437595
vt 0.260487 0.039542
vt 0.269422 0.019033
vt 0.295667 0.011426
vt 0.287004 0.035135
vt 0.190896 0.149804
vt 0.241477 0.144980
vt 0.276577 0.061681
vt 0.244853 0.063216
vt 0.130867 0.391740
vt 0.127104 0.393524
vt 0.104712 0.387607
vt 0.104830 0.384813
vt 0.077330 0.392073
vt 0.081063 0.393938
vt 0.057415 0.400270
vt 0.049830 0.399333
vt 0.217559 0.097022
vt 0.258049 0.095285
vt 0.363435 0.018952
vt 0.425392 0.013442
vt 0.425392 0.011696
vt 0.351812 0.011449
vt 0.360980 0.453430
vt 0.425392 0.453430
vt 0.425392 0.453430
vt 0.365651 0.453430
vt 0.149497 0.399440
vt 0.187132 0.441181
vt 0.145970 0.431331
vt 0.064612 0.430323
vt 0.104807 0.421481
vt 0.199292 0.450734
vt 0.156905 0.398667
vt 0.011949 0.442930
vt 0.024417 0.439164
vt 0.043302 0.481634
vt 0.034003 0.490724
vt 0.425392 0.283336
vt 0.351812 0.283336
vt 0.350525 0.350569
vt 0.425392 0.350569
vt 0.370814 0.453430
vt 0.425525 0.453430
vt 0.425719 0.453430
vt 0.370827 0.453430
vt 0.358771 0.369877
vt 0.425392 0.369877
vt 0.008504 0.281539
vt 0.022335 0.268734
vt 0.089959 0.304942
vt 0.089959 0.338326
vt 0.351812 0.010569
vt 0.425392 0.010650
vt 0.425392 0.010210
vt 0.351812 0.010210
vt 0.253455 0.285648
vt 0.294803 0.285532
vt 0.281692 0.317508
vt 0.245903 0.323848
vt 0.253802 0.351318
vt 0.261655 0.434845
vt 0.237760 0.435863
vt 0.230528 0.352903
vt 0.300605 0.058282
vt 0.323370 0.055722
vt 0.323370 0.082565
vt 0.291303 0.088234
vt 0.323370 0.150745
vt 0.282423 0.147863
vt 0.067792 0.496080
vt 0.072598 0.486359
vt 0.101894 0.491085
vt 0.101581 0.501436
vt 0.136523 0.494978
vt 0.132230 0.485146
vt 0.162566 0.479208
vt 0.171466 0.488521
vt 0.425392 0.048020
vt 0.357965 0.050232
vt 0.360398 0.088597
vt 0.425392 0.081636
vt 0.351812 0.148870
vt 0.425392 0.148870
vt 0.425392 0.182486
vt 0.351812 0.182481
vt 0.351812 0.215924
vt 0.425392 0.216103
vt 0.425392 0.014397
vt 0.372321 0.031046
vt 0.307546 0.032084
vt 0.323370 0.030299
vt 0.323370 0.191696
vt 0.278166 0.183501
vt 0.212586 0.063474
vt 0.189373 0.050745
vt 0.235479 0.031294
vt 0.236956 0.043317
vt 0.309519 0.010534
vt 0.323370 0.010170
vt 0.193885 0.374807
vt 0.114412 0.355233
vt 0.138823 0.342869
vt 0.263455 0.459515
vt 0.223836 0.459515
vt 0.103323 0.287070
vt 0.129690 0.287067
vt 0.112070 0.218727
vt 0.140262 0.218047
vt 0.144467 0.184000
vt 0.110375 0.184821
vt 0.114100 0.150745
vt 0.155659 0.146560
vt 0.155320 0.089640
vt 0.181445 0.101191
vt 0.089959 0.254621
vt 0.034127 0.219044
vt 0.044319 0.220104
vt 0.089959 0.115715
vt 0.089959 0.153751
vt 0.174468 0.336529
vt 0.089959 0.218717
vt 0.260494 0.188371
vt 0.323370 0.232662
vt 0.287068 0.221014
vt 0.244170 0.184028
vt 0.183442 0.246086
vt 0.169615 0.216121
vt 0.193365 0.188789
vt 0.204625 0.249443
vt 0.170898 0.286415
vt 0.269623 0.244705
vt 0.247716 0.248753
vt 0.212107 0.285764
vt 0.225809 0.252801
vt 0.210605 0.184237
vt 0.184816 0.179779
vt 0.232961 0.175306
vt 0.227846 0.179685
vt 0.300223 0.348149
vt 0.277076 0.349734
vt 0.210114 0.330188
vt 0.301114 0.435703
vt 0.301160 0.459515
vt 0.282039 0.459515
vt 0.282080 0.437595
vt 0.260487 0.039542
vt 0.269422 0.019033
vt 0.295667 0.011426
vt 0.287004 0.035135
vt 0.190896 0.149804
vt 0.241477 0.144980
vt 0.276577 0.061681
vt 0.244853 0.063216
vt 0.130867 0.391740
vt 0.127104 0.393524
vt 0.104712 0.387607
vt 0.104830 0.384813
vt 0.077330 0.392073
vt 0.081063 0.393938
vt 0.057415 0.400270
vt 0.049830 0.399333
vt 0.217559 0.097022
vt 0.258049 0.095285
vt 0.363435 0.018952
vt 0.425392 0.013442
vt 0.425392 0.011696
vt 0.351812 0.011449
vt 0.360980 0.453430
vt 0.425392 0.453430
vt 0.425392 0.453430
vt 0.365651 0.453430
vt 0.149497 0.399440
vt 0.187132 0.441181
vt 0.145970 0.431331
vt 0.064612 0.430323
vt 0.104807 0.421481
vt 0.199292 0.450734
vt 0.156905 0.398667
vt 0.011949 0.442930
vt 0.024417 0.439164
vt 0.043302 0.481634
vt 0.034003 0.490724
vt 0.356857 0.453430
vt 0.425392 0.453430
vt 0.323370 0.346564
vt 0.323370 0.440415
vt 0.323370 0.459515
vt 0.425392 0.283336
vt 0.425392 0.350569
vt 0.350525 0.350569
vt 0.351812 0.283336
vt 0.370814 0.453430
vt 0.370827 0.453430
vt 0.425719 0.453430
vt 0.425525 0.453430
vt 0.425392 0.369877
vt 0.358771 0.369877
vt 0.008504 0.281539
vt 0.022335 0.268734
vt 0.351812 0.010569
vt 0.425392 0.010650
vt 0.253455 0.285648
vt 0.245903 0.323848
vt 0.281692 0.317508
vt 0.294803 0.285532
vt 0.253802 0.351318
vt 0.230528 0.352903
vt 0.237760 0.435863
vt 0.261655 0.434845
vt 0.300605 0.058282
vt 0.291303 0.088234
vt 0.282423 0.147863
vt 0.067792 0.496080
vt 0.101581 0.501436
vt 0.101894 0.491085
vt 0.072598 0.486359
vt 0.136523 0.494978
vt 0.171466 0.488521
vt 0.162566 0.479208
vt 0.132230 0.485146
vt 0.425392 0.048020
vt 0.425392 0.081636
vt 0.360398 0.088597
vt 0.357965 0.050232
vt 0.425392 0.148870
vt 0.351812 0.148870
vt 0.425392 0.182486
vt 0.425392 0.216103
vt 0.351812 0.215924
vt 0.351812 0.182481
vt 0.425392 0.014397
vt 0.372321 0.031046
vt 0.307546 0.032084
vt 0.278166 0.183501
vt 0.212586 0.063474
vt 0.236956 0.043317
vt 0.235479 0.031294
vt 0.189373 0.050745
vt 0.309519 0.010534
vt 0.138823 0.342869
vt 0.114412 0.355233
vt 0.193885 0.374807
vt 0.223836 0.459515
vt 0.263455 0.459515
vt 0.129690 0.287067
vt 0.103323 0.287070
vt 0.140262 0.218047
vt 0.112070 0.218727
vt 0.144467 0.184000
vt 0.155659 0.146560
vt 0.114100 0.150745
vt 0.110375 0.184821
vt 0.181445 0.101191
vt 0.155320 0.089640
vt 0.034127 0.219044
vt 0.044319 0.220104
vt 0.174468 0.336529
vt 0.260494 0.188371
vt 0.287068 0.221014
vt 0.244170 0.184028
vt 0.183442 0.246086
vt 0.169615 0.216121
vt 0.193365 0.188789
vt 0.204625 0.249443
vt 0.170898 0.286415
vt 0.269623 0.244705
vt 0.247716 0.248753
vt 0.225809 0.252801
vt 0.212107 0.285764
vt 0.210605 0.184237
vt 0.227846 0.179685
vt 0.232961 0.175306
vt 0.184816 0.179779
vt 0.300223 0.348149
vt 0.210114 0.330188
vt 0.277076 0.349734
vt 0.301114 0.435703
vt 0.282080 0.437595
vt 0.282039 0.459515
vt 0.301160 0.459515
vt 0.260487 0.039542
vt 0.287004 0.035135
vt 0.295667 0.011426
vt 0.269422 0.019033
vt 0.190896 0.149804
vt 0.241477 0.144980
vt 0.244853 0.063216
vt 0.276577 0.061681
vt 0.130867 0.391740
vt 0.104830 0.384813
vt 0.104712 0.387607
vt 0.127104 0.393524
vt 0.077330 0.392073
vt 0.049830 0.399333
vt 0.057415 0.400270
vt 0.081063 0.393938
vt 0.217559 0.097022
vt 0.258049 0.095285
vt 0.363435 0.018952
vt 0.351812 0.011449
vt 0.425392 0.011696
vt 0.425392 0.013442
vt 0.360980 0.453430
vt 0.365651 0.453430
vt 0.425392 0.453430
vt 0.425392 0.453430
vt 0.145970 0.431331
vt 0.187132 0.441181
vt 0.149497 0.399440
vt 0.064612 0.430323
vt 0.104807 0.421481
vt 0.199292 0.450734
vt 0.156905 0.398667
vt 0.011949 0.442930
vt 0.034003 0.490724
vt 0.043302 0.481634
vt 0.024417 0.439164
vn -0.9998 0.0161 0.0023
vn -0.7351 0.6779 0.0010
vn -0.6660 0.6032 -0.4388
vn -0.9087 0.0203 -0.4168
vn -0.0790 0.8950 -0.4390
vn -0.5085 0.7333 -0.4512
vn -0.5895 0.8077 -0.0084
vn 0.0000 1.0000 0.0000
vn -0.6752 0.7376 -0.0076
vn -0.3952 0.6923 -0.6037
vn 0.1458 0.0983 -0.9844
vn 0.0000 -0.0446 -0.9990
vn 0.0000 -0.1925 -0.9813
vn 0.4705 0.0998 -0.8767
vn -0.0779 -0.9076 -0.4124
vn 0.0000 -0.9163 -0.4004
vn 0.0000 -1.0000 0.0002
vn -0.0473 -0.9989 0.0002
vn 0.0026 0.0606 -0.9981
vn 0.0038 0.1721 -0.9851
vn 0.4139 0.2813 -0.8658
vn -0.0715 0.2143 -0.9741
vn -0.1036 0.3426 -0.9337
vn -0.2227 0.3097 -0.9244
vn -0.1493 0.3328 -0.9311
vn -0.0376 -0.2212 -0.9745
vn 0.0121 -0.0207 -0.9997
vn 0.0000 -0.0241 -0.9997
vn 0.0000 -0.2008 -0.9796
vn 0.0049 0.0354 -0.9994
vn 0.0000 0.0224 -0.9997
vn 0.0892 -0.5343 -0.8405
vn -0.0032 -0.5167 -0.8561
vn 0.0090 -0.5412 -0.8408
vn 0.1047 -0.4916 -0.8645
vn -0.0972 -0.5536 -0.8271
vn -0.2758 -0.3434 -0.8978
vn -0.2986 -0.4660 -0.8329
vn -0.0788 -0.4936 -0.8661
vn -0.5895 -0.8007 -0.1062
vn -0.7938 -0.6032 -0.0767
vn -0.6930 -0.5434 -0.4738
vn -0.5113 -0.7183 -0.4717
vn -0.9472 -0.3195 -0.0262
vn -0.8114 -0.3163 -0.4915
vn -0.9996 -0.0291 0.0031
vn -0.9992 -0.0391 0.0032
vn -0.8975 -0.0591 -0.4370
vn -0.8809 -0.0779 -0.4668
vn -0.3226 -0.9364 -0.1381
vn -0.3418 -0.8827 -0.3224
vn -0.0859 -0.5008 -0.8613
vn 0.0000 -0.5130 -0.8584
vn -0.0222 0.0667 -0.9975
vn 0.0000 0.0255 -0.9997
vn -0.3422 -0.5386 -0.7699
vn -0.2995 -0.7165 -0.6301
vn -0.2062 0.3560 -0.9115
vn -0.3494 0.0405 -0.9361
vn -0.3190 -0.0342 -0.9471
vn -0.3193 -0.0938 -0.9430
vn -0.3475 -0.2246 -0.9104
vn -0.3878 -0.3141 -0.8665
vn 0.0000 0.0000 -1.0000
vn 0.4753 0.2686 -0.8378
vn 0.0000 0.1369 -0.9906
vn 0.0000 0.5376 -0.8432
vn 0.0163 0.2432 -0.9698
vn -0.3314 0.5076 -0.7953
vn -0.3819 0.0194 -0.9240
vn -0.1861 0.6872 -0.7022
vn 0.2403 -0.2629 -0.9344
vn 0.3460 0.0301 -0.9377
vn 0.2777 0.5137 -0.8118
vn 0.0045 0.0436 -0.9990
vn 0.0042 0.0453 -0.9990
vn 0.1590 0.7028 -0.6934
vn -0.0062 0.6606 -0.7507
vn -0.0203 0.0815 -0.9965
vn -0.0707 0.0620 -0.9955
vn -0.0825 0.0867 -0.9928
vn 0.0093 0.2007 -0.9796
vn -0.0572 0.1433 -0.9880
vn -0.1818 0.3146 -0.9316
vn -0.1551 0.3836 -0.9103
vn -0.0978 0.8875 -0.4503
vn -0.1184 0.8839 -0.4524
vn -0.3118 -0.6575 -0.6858
vn -0.2155 -0.5567 -0.8022
vn -0.1981 -0.8793 -0.4330
vn -0.3054 -0.8903 -0.3377
vn -0.1532 -0.0683 -0.9858
vn -0.0171 0.0392 -0.9991
vn -0.2364 -0.4265 -0.8730
vn -0.1035 -0.2980 -0.9489
vn 0.0101 0.7171 -0.6969
vn -0.1496 0.6510 -0.7442
vn 0.3379 0.6019 -0.7235
vn 0.1719 0.6373 -0.7512
vn -0.2235 -0.1975 -0.9545
vn -0.0398 -0.0510 -0.9979
vn -0.1353 -0.9906 -0.0213
vn -0.2251 -0.9694 -0.0977
vn 0.0286 0.0383 -0.9988
vn -0.6465 0.1744 -0.7426
vn -0.3390 0.6359 -0.6934
vn 0.0132 0.0200 -0.9997
vn 0.0216 0.0222 -0.9995
vn 0.3558 -0.4495 -0.8193
vn 0.6207 0.1680 -0.7658
vn 0.0000 0.8762 -0.4819
vn 0.0000 0.3748 -0.9271
vn 0.9998 0.0161 0.0023
vn 0.9087 0.0203 -0.4168
vn 0.6660 0.6032 -0.4388
vn 0.7351 0.6779 0.0010
vn 0.0790 0.8950 -0.4390
vn 0.5895 0.8077 -0.0084
vn 0.5085 0.7333 -0.4512
vn 0.3952 0.6923 -0.6037
vn 0.6752 0.7376 -0.0076
vn -0.1458 0.0983 -0.9844
vn -0.4705 0.0998 -0.8767
vn 0.0779 -0.9076 -0.4124
vn 0.0473 -0.9989 0.0002
vn -0.0026 0.0606 -0.9981
vn -0.4139 0.2813 -0.8658
vn -0.0038 0.1721 -0.9851
vn 0.0715 0.2143 -0.9741
vn 0.1493 0.3328 -0.9311
vn 0.2227 0.3097 -0.9244
vn 0.1036 0.3426 -0.9337
vn 0.0376 -0.2212 -0.9745
vn -0.0121 -0.0207 -0.9997
vn -0.0049 0.0354 -0.9994
vn -0.0892 -0.5343 -0.8405
vn -0.1047 -0.4916 -0.8645
vn -0.0090 -0.5412 -0.8408
vn 0.0032 -0.5167 -0.8561
vn 0.0972 -0.5536 -0.8271
vn 0.0788 -0.4936 -0.8661
vn 0.2986 -0.4660 -0.8329
vn 0.2758 -0.3434 -0.8978
vn 0.5895 -0.8007 -0.1062
vn 0.5113 -0.7183 -0.4717
vn 0.6930 -0.5434 -0.4738
vn 0.7938 -0.6032 -0.0767
vn 0.8114 -0.3163 -0.4915
vn 0.9472 -0.3195 -0.0262
vn 0.9996 -0.0291 0.0031
vn 0.8809 -0.0779 -0.4668
vn 0.8975 -0.0591 -0.4370
vn 0.9992 -0.0391 0.0032
vn 0.3226 -0.9364 -0.1381
vn 0.3418 -0.8827 -0.3224
vn 0.0859 -0.5008 -0.8613
vn 0.0222 0.0667 -0.9975
vn 0.3422 -0.5386 -0.7699
vn 0.2995 -0.7165 -0.6301
vn 0.2062 0.3560 -0.9115
vn 0.3494 0.0405 -0.9361
vn 0.3190 -0.0342 -0.9471
vn 0.3193 -0.0938 -0.9430
vn 0.3475 -0.2246 -0.9104
vn 0.3878 -0.3141 -0.8665
vn -0.4753 0.2686 -0.8378
vn -0.0163 0.2432 -0.9698
vn 0.3314 0.5076 -0.7953
vn 0.3819 0.0194 -0.9240
vn 0.1861 0.6872 -0.7022
vn -0.2403 -0.2629 -0.9344
vn -0.3460 0.0301 -0.9377
vn -0.2777 0.5137 -0.8118
vn -0.0045 0.0436 -0.9990
vn -0.0042 0.0453 -0.9990
vn -0.1590 0.7028 -0.6934
vn 0.0707 0.0620 -0.9955
vn 0.0203 0.0815 -0.9965
vn 0.0062 0.6606 -0.7507
vn 0.0825 0.0867 -0.9928
vn 0.0572 0.1433 -0.9880
vn -0.0093 0.2007 -0.9796
vn 0.1818 0.3146 -0.9316
vn 0.1184 0.8839 -0.4524
vn 0.0978 0.8875 -0.4503
vn 0.1551 0.3836 -0.9103
vn 0.3118 -0.6575 -0.6858
vn 0.3054 -0.8903 -0.3377
vn 0.1981 -0.8793 -0.4330
vn 0.2155 -0.5567 -0.8022
vn 0.1532 -0.0683 -0.9858
vn 0.0171 0.0392 -0.9991
vn 0.1035 -0.2980 -0.9489
vn 0.2364 -0.4265 -0.8730
vn 0.1496 0.6510 -0.7442
vn -0.0101 0.7171 -0.6969
vn -0.1719 0.6373 -0.7512
vn -0.3379 0.6019 -0.7235
vn 0.2235 -0.1975 -0.9545
vn 0.0398 -0.0510 -0.9979
vn 0.2251 -0.9694 -0.0977
vn 0.1353 -0.9906 -0.0213
vn 0.3390 0.6359 -0.6934
vn 0.6465 0.1744 -0.7426
vn -0.0286 0.0383 -0.9988
vn -0.0132 0.0200 -0.9997
vn -0.0216 0.0222 -0.9995
vn -0.6207 0.1680 -0.7658
vn -0.3558 -0.4495 -0.8193
vn -0.9998 0.0161 -0.0023
vn -0.9087 0.0203 0.4168
vn -0.6660 0.6032 0.4388
vn -0.7351 0.6779 -0.0010
vn -0.0790 0.8950 0.4390
vn -0.5895 0.8077 0.0084
vn -0.5085 0.7333 0.4512
vn -0.3952 0.6923 0.6037
vn -0.6752 0.7376 0.0076
vn 0.1458 0.0983 0.9844
vn 0.4705 0.0998 0.8767
vn 0.0000 -0.1925 0.9813
vn 0.0000 -0.0446 0.9990
vn -0.0779 -0.9076 0.4124
vn -0.0473 -0.9989 -0.0002
vn 0.0000 -1.0000 -0.0002
vn 0.0000 -0.9163 0.4004
vn 0.0026 0.0606 0.9981
vn 0.4139 0.2813 0.8658
vn 0.0038 0.1721 0.9851
vn -0.0715 0.2143 0.9741
vn -0.1493 0.3328 0.9311
vn -0.2227 0.3097 0.9244
vn -0.1036 0.3426 0.9337
vn -0.0376 -0.2212 0.9745
vn 0.0000 -0.2008 0.9796
vn 0.0000 -0.0241 0.9997
vn 0.0121 -0.0207 0.9997
vn 0.0000 0.0224 0.9997
vn 0.0049 0.0354 0.9994
vn 0.0892 -0.5343 0.8405
vn 0.1047 -0.4916 0.8645
vn 0.0090 -0.5412 0.8408
vn -0.0032 -0.5167 0.8561
vn -0.0972 -0.5536 0.8271
vn -0.0788 -0.4936 0.8661
vn -0.2986 -0.4660 0.8329
vn -0.2758 -0.3434 0.8978
vn -0.5895 -0.8007 0.1062
vn -0.5113 -0.7183 0.4717
vn -0.6930 -0.5434 0.4738
vn -0.7938 -0.6032 0.0767
vn -0.8114 -0.3163 0.4915
vn -0.9472 -0.3195 0.0262
vn -0.9996 -0.0291 -0.0031
vn -0.8809 -0.0779 0.4668
vn -0.8975 -0.0591 0.4370
vn -0.9992 -0.0391 -0.0032
vn -0.3226 -0.9364 0.1381
vn -0.3418 -0.8827 0.3224
vn -0.0859 -0.5008 0.8613
vn 0.0000 -0.5130 0.8584
vn 0.0000 0.0255 0.9997
vn -0.0222 0.0667 0.9975
vn -0.3422 -0.5386 0.7699
vn -0.2995 -0.7165 0.6301
vn -0.2062 0.3560 0.9115
vn -0.3494 0.0405 0.9361
vn -0.3190 -0.0342 0.9471
vn -0.3193 -0.0938 0.9430
vn -0.3475 -0.2246 0.9104
vn -0.3878 -0.3141 0.8665
vn 0.0000 0.0000 1.0000
vn 0.4753 0.2686 0.8378
vn 0.0000 0.1369 0.9906
vn 0.0000 0.5376 0.8432
vn 0.0163 0.2432 0.9698
vn -0.3314 0.5076 0.7953
vn -0.3819 0.0194 0.9240
vn -0.1861 0.6872 0.7022
vn 0.2403 -0.2629 0.9344
vn 0.3460 0.0301 0.9377
vn 0.2777 0.5137 0.8118
vn 0.0045 0.0436 0.9990
vn 0.0042 0.0453 0.9990
vn 0.1590 0.7028 0.6934
vn -0.0707 0.0620 0.9955
vn -0.0203 0.0815 0.9965
vn -0.0062 0.6606 0.7507
vn -0.0825 0.0867 0.9928
vn -0.0572 0.1433 0.9880
vn 0.0093 0.2007 0.9796
vn -0.1818 0.3146 0.9316
vn -0.1184 0.8839 0.4524
vn -0.0978 0.8875 0.4503
vn -0.1551 0.3836 0.9103
vn -0.3118 -0.6575 0.6858
vn -0.3054 -0.8903 0.3377
vn -0.1981 -0.8793 0.4330
vn -0.2155 -0.5567 0.8022
vn -0.1532 -0.0683 0.9858
vn -0.0171 0.0392 0.9991
vn -0.1035 -0.2980 0.9489
vn -0.2364 -0.4265 0.8730
vn -0.1496 0.6510 0.7442
vn 0.0101 0.7171 0.6969
vn 0.1719 0.6373 0.7512
vn 0.3379 0.6019 0.7235
vn -0.2235 -0.1975 0.9545
vn -0.0398 -0.0510 0.9979
vn -0.2251 -0.9694 0.0977
vn -0.1353 -0.9906 0.0213
vn -0.3390 0.6359 0.6934
vn -0.6465 0.1744 0.7426
vn 0.0286 0.0383 0.9988
vn 0.0132 0.0200 0.9997
vn 0.0216 0.0222 0.9995
vn 0.6207 0.1680 0.7658
vn 0.3558 -0.4495 0.8193
vn 0.0000 0.8762 0.4819
vn 0.0000 0.3748 0.9271
vn 0.9998 0.0161 -0.0023
vn 0.7351 0.6779 -0.0010
vn 0.6660 0.6032 0.4388
vn 0.9087 0.0203 0.4168
vn 0.0790 0.8950 0.4390
vn 0.5085 0.7333 0.4512
vn 0.5895 0.8077 0.0084
vn 0.6752 0.7376 0.0076
vn 0.3952 0.6923 0.6037
vn -0.1458 0.0983 0.9844
vn -0.4705 0.0998 0.8767
vn 0.0779 -0.9076 0.4124
vn 0.0473 -0.9989 -0.0002
vn -0.0026 0.0606 0.9981
vn -0.0038 0.1721 0.9851
vn -0.4139 0.2813 0.8658
vn 0.0715 0.2143 0.9741
vn 0.1036 0.3426 0.9337
vn 0.2227 0.3097 0.9244
vn 0.1493 0.3328 0.9311
vn 0.0376 -0.2212 0.9745
vn -0.0121 -0.0207 0.9997
vn -0.0049 0.0354 0.9994
vn -0.0892 -0.5343 0.8405
vn 0.0032 -0.5167 0.8561
vn -0.0090 -0.5412 0.8408
vn -0.1047 -0.4916 0.8645
vn 0.0972 -0.5536 0.8271
vn 0.2758 -0.3434 0.8978
vn 0.2986 -0.4660 0.8329
vn 0.0788 -0.4936 0.8661
vn 0.5895 -0.8007 0.1062
vn 0.7938 -0.6032 0.0767
vn 0.6930 -0.5434 0.4738
vn 0.5113 -0.7183 0.4717
vn 0.9472 -0.3195 0.0262
vn 0.8114 -0.3163 0.4915
vn 0.9996 -0.0291 -0.0031
vn 0.9992 -0.0391 -0.0032
vn 0.8975 -0.0591 0.4370
vn 0.8809 -0.0779 0.4668
vn 0.3226 -0.9364 0.1381
vn 0.3418 -0.8827 0.3224
vn 0.0859 -0.5008 0.8613
vn 0.0222 0.0667 0.9975
vn 0.3422 -0.5386 0.7699
vn 0.2995 -0.7165 0.6301
vn 0.2062 0.3560 0.9115
vn 0.3494 0.0405 0.9361
vn 0.3190 -0.0342 0.9471
vn 0.3193 -0.0938 0.9430
vn 0.3475 -0.2246 0.9104
vn 0.3878 -0.3141 0.8665
vn -0.4753 0.2686 0.8378
vn -0.0163 0.2432 0.9698
vn 0.3314 0.5076 0.7953
vn 0.3819 0.0194 0.9240
vn 0.1861 0.6872 0.7022
vn -0.2403 -0.2629 0.9344
vn -0.3460 0.0301 0.9377
vn -0.2777 0.5137 0.8118
vn -0.0045 0.0436 0.9990
vn -0.0042 0.0453 0.9990
vn -0.1590 0.7028 0.6934
vn 0.0062 0.6606 0.7507
vn 0.0203 0.0815 0.9965
vn 0.0707 0.0620 0.9955
vn 0.0825 0.0867 0.9928
vn -0.0093 0.2007 0.9796
vn 0.0572 0.1433 0.9880
vn 0.1818 0.3146 0.9316
vn 0.1551 0.3836 0.9103
vn 0.0978 0.8875 0.4503
vn 0.1184 0.8839 0.4524
vn 0.3118 -0.6575 0.6858
vn 0.2155 -0.5567 0.8022
vn 0.1981 -0.8793 0.4330
vn 0.3054 -0.8903 0.3377
vn 0.1532 -0.0683 0.9858
vn 0.0171 0.0392 0.9991
vn 0.2364 -0.4265 0.8730
vn 0.1035 -0.2980 0.9489
vn -0.0101 0.7171 0.6969
vn 0.1496 0.6510 0.7442
vn -0.3379 0.6019 0.7235
vn -0.1719 0.6373 0.7512
vn 0.2235 -0.1975 0.9545
vn 0.0398 -0.0510 0.9979
vn 0.1353 -0.9906 0.0213
vn 0.2251 -0.9694 0.0977
vn -0.0286 0.0383 0.9988
vn 0.6465 0.1744 0.7426
vn 0.3390 0.6359 0.6934
vn -0.0132 0.0200 0.9997
vn -0.0216 0.0222 0.9995
vn -0.3558 -0.4495 0.8193
vn -0.6207 0.1680 0.7658
usemtl Empire_Longsword
s 1
f 607/1085/518 597/1086/519 619/1087/520 621/1088/521
f 683/1089/522 620/1090/523 603/1091/524 679/1092/525
f 619/1087/520 597/1086/519 601/1093/526 618/1094/527
f 626/1095/528 700/1096/529 745/1097/530 628/1098/531
f 672/1099/532 703/1100/533 704/1101/534 661/1102/535
f 669/1103/536 668/1104/537 626/1105/528 635/1106/538
f 681/1107/539 600/1108/540 602/1109/541 688/1110/542
f 618/1094/527 601/1093/526 603/1091/524 620/1090/523
f 665/1111/543 663/1112/544 737/1113/545 726/1114/546
f 663/1112/544 664/1115/547 736/1116/548 737/1113/545
f 692/1117/549 650/1118/550 658/1119/551 695/1120/552
f 671/1121/553 627/1122/554 659/1123/555 677/1124/556
f 613/1125/557 604/1126/558 625/1127/559 616/1128/560
f 604/1126/558 605/1129/561 624/1130/562 625/1127/559
f 614/1131/563 606/1132/564 622/1133/565 623/1134/566
f 606/1132/564 607/1085/518 621/1088/521 622/1133/565
f 596/1135/567 613/1125/557 616/1128/560 617/1136/568
f 674/1137/569 665/1111/543 726/1114/546 723/1138/570
f 605/1129/561 614/1131/563 623/1134/566 624/1130/562
f 664/1115/547 666/1139/571 735/1140/572 736/1116/548
f 612/1141/573 598/1142/574 617/1143/568 616/1144/560
f 674/1137/569 723/1138/570 703/1145/533 672/1146/532
f 600/1108/540 599/1147/575 619/1148/520 618/1149/527
f 688/1110/542 602/1109/541 620/1150/523 683/1151/522
f 602/1109/541 600/1108/540 618/1149/527 620/1150/523
f 599/1147/575 633/1152/576 621/1153/521 619/1148/520
f 633/1152/576 609/1154/577 622/1155/565 621/1153/521
f 630/1156/578 610/1157/579 624/1158/562 623/1159/566
f 610/1157/579 611/1160/580 625/1161/559 624/1158/562
f 611/1160/580 612/1141/573 616/1144/560 625/1161/559
f 609/1154/577 630/1156/578 623/1159/566 622/1155/565
f 741/1162/581 628/1098/531 745/1097/530
f 635/1163/538 626/1095/528 628/1098/531 629/1164/582
f 734/1165/583 635/1163/538 629/1164/582 743/1166/584
f 681/1107/539 689/1167/585 599/1147/575 600/1108/540
f 743/1166/584 629/1164/582 742/1168/581
f 629/1164/582 628/1098/531 741/1162/581 742/1168/581
f 632/1169/586 631/1170/587 734/1171/583 735/1140/572
f 670/1172/588 632/1169/586 735/1140/572 666/1139/571
f 608/1173/589 634/1174/590 609/1154/577 633/1152/576
f 634/1174/590 615/1175/591 630/1156/578 609/1154/577
f 692/1176/549 608/1173/589 633/1152/576 690/1177/592
f 631/1170/587 627/1178/554 635/1106/538 734/1171/583
f 671/1179/553 650/1180/550 648/1181/593 669/1103/536
f 691/1182/594 649/1183/595 644/1184/596 687/1185/597
f 660/1186/598 668/1104/537 647/1187/599 637/1188/600
f 667/1189/601 646/1190/602 639/1191/603 662/1192/604
f 680/1193/605 645/1194/606 636/1195/607 678/1196/608
f 685/1197/609 687/1185/597 644/1184/596 642/1198/610
f 680/1193/605 686/1199/611 643/1200/612 645/1194/606
f 670/1201/588 649/1202/595 654/1203/613 676/1204/614
f 691/1205/594 615/1206/591 657/1207/615 694/1208/616
f 684/1209/617 685/1197/609 642/1198/610 641/1210/618
f 686/1199/611 684/1209/617 641/1210/618 643/1200/612
f 660/1186/598 637/1188/600 646/1190/602 667/1189/601
f 690/1177/592 689/1167/585 647/1187/599 648/1181/593
f 678/1211/608 636/1212/607 638/1213/619 682/1214/620
f 662/1215/604 639/1216/603 640/1217/525 673/1218/525
f 676/1204/614 675/1219/621 652/1220/622 653/1221/623
f 675/1219/621 677/1124/556 659/1123/555 652/1220/622
f 693/1222/624 695/1120/552 658/1119/551 651/1223/625
f 694/1208/616 693/1222/624 651/1223/625 654/1203/613
f 631/1224/587 632/1225/586 653/1221/623 652/1220/622
f 634/1226/590 608/1227/589 655/1228/626 656/1229/627
f 627/1122/554 631/1224/587 652/1220/622 659/1123/555
f 615/1206/591 634/1226/590 656/1229/627 657/1207/615
f 651/1223/625 658/1119/551 677/1124/556 675/1219/621
f 654/1203/613 651/1223/625 675/1219/621 676/1204/614
f 728/1230/628 662/1215/604 673/1218/525 706/1231/525
f 700/1232/529 660/1186/598 667/1189/601 705/1233/629
f 632/1225/586 670/1201/588 676/1204/614 653/1221/623
f 705/1233/629 667/1189/601 662/1192/604 728/1234/628
f 700/1232/529 626/1105/528 668/1104/537 660/1186/598
f 627/1178/554 671/1179/553 669/1103/536 635/1106/538
f 649/1183/595 670/1172/588 666/1139/571 644/1184/596
f 645/1194/606 674/1137/569 672/1146/532 636/1195/607
f 642/1198/610 644/1184/596 666/1139/571 664/1115/547
f 645/1194/606 643/1200/612 665/1111/543 674/1137/569
f 650/1118/550 671/1121/553 677/1124/556 658/1119/551
f 641/1210/618 642/1198/610 664/1115/547 663/1112/544
f 643/1200/612 641/1210/618 663/1112/544 665/1111/543
f 648/1181/593 647/1187/599 668/1104/537 669/1103/536
f 636/1212/607 672/1099/532 661/1102/535 638/1213/619
f 657/1207/615 656/1229/627 693/1222/624 694/1208/616
f 656/1229/627 655/1228/626 695/1120/552 693/1222/624
f 617/1136/568 678/1211/608 682/1214/620 596/1135/567
f 633/1152/576 599/1147/575 689/1167/585 690/1177/592
f 612/1141/573 611/1160/580 684/1209/617 686/1199/611
f 611/1160/580 610/1157/579 685/1197/609 684/1209/617
f 649/1202/595 691/1205/594 694/1208/616 654/1203/613
f 598/1142/574 612/1141/573 686/1199/611 680/1193/605
f 610/1157/579 630/1156/578 687/1185/597 685/1197/609
f 598/1142/574 680/1193/605 678/1196/608 617/1143/568
f 615/1175/591 691/1182/594 687/1185/597 630/1156/578
f 650/1180/550 692/1176/549 690/1177/592 648/1181/593
f 637/1188/600 647/1187/599 689/1167/585 681/1107/539
f 646/1190/602 688/1110/542 683/1151/522 639/1191/603
f 608/1227/589 692/1117/549 695/1120/552 655/1228/626
f 637/1188/600 681/1107/539 688/1110/542 646/1190/602
f 639/1216/603 683/1089/522 679/1092/525 640/1217/525
f 712/1235/630 729/1236/631 725/1237/632 697/1238/633
f 799/1239/634 795/1240/525 708/1241/635 727/1242/636
f 725/1237/632 724/1243/637 702/1244/638 697/1238/633
f 738/1245/639 740/1246/640 745/1097/530 700/1096/529
f 788/1247/641 777/1248/642 704/1101/534 703/1100/533
f 785/1249/643 751/1250/644 738/1251/639 784/1252/645
f 797/1253/646 804/1254/647 707/1255/648 701/1256/649
f 724/1243/637 727/1242/636 708/1241/635 702/1244/638
f 781/1257/650 726/1114/546 737/1113/545 779/1258/651
f 779/1258/651 737/1113/545 736/1116/548 780/1259/652
f 808/1260/653 811/1261/654 774/1262/655 766/1263/656
f 787/1264/657 793/1265/658 775/1266/659 739/1267/660
f 718/1268/661 721/1269/662 733/1270/663 709/1271/664
f 709/1271/664 733/1270/663 732/1272/665 710/1273/666
f 719/1274/667 731/1275/668 730/1276/669 711/1277/670
f 711/1277/670 730/1276/669 729/1236/631 712/1235/630
f 696/1278/671 722/1279/672 721/1269/662 718/1268/661
f 790/1280/673 723/1138/570 726/1114/546 781/1257/650
f 710/1273/666 732/1272/665 731/1275/668 719/1274/667
f 780/1259/652 736/1116/548 735/1140/572 782/1281/674
f 717/1282/675 721/1283/662 722/1284/672 698/1285/676
f 790/1280/673 788/1286/641 703/1145/533 723/1138/570
f 701/1256/649 724/1287/637 725/1288/632 699/1289/677
f 804/1254/647 799/1290/634 727/1291/636 707/1255/648
f 707/1255/648 727/1291/636 724/1287/637 701/1256/649
f 699/1289/677 725/1288/632 729/1292/631 749/1293/678
f 749/1293/678 729/1292/631 730/1294/669 714/1295/679
f 746/1296/680 731/1297/668 732/1298/665 715/1299/681
f 715/1299/681 732/1298/665 733/1300/663 716/1301/682
f 716/1301/682 733/1300/663 721/1283/662 717/1282/675
f 714/1295/679 730/1294/669 731/1297/668 746/1296/680
f 741/1162/581 745/1097/530 740/1246/640
f 751/1302/644 744/1303/683 740/1246/640 738/1245/639
f 734/1165/583 743/1166/584 744/1303/683 751/1302/644
f 797/1253/646 701/1256/649 699/1289/677 805/1304/684
f 743/1166/584 742/1168/581 744/1303/683
f 744/1303/683 742/1168/581 741/1162/581 740/1246/640
f 748/1305/685 735/1140/572 734/1171/583 747/1306/686
f 786/1307/687 782/1281/674 735/1140/572 748/1305/685
f 713/1308/688 749/1293/678 714/1295/679 750/1309/689
f 750/1309/689 714/1295/679 746/1296/680 720/1310/690
f 808/1311/653 806/1312/691 749/1293/678 713/1308/688
f 747/1306/686 734/1171/583 751/1250/644 739/1313/660
f 787/1314/657 785/1249/643 764/1315/692 766/1316/656
f 807/1317/693 803/1318/694 760/1319/695 765/1320/696
f 776/1321/697 753/1322/698 763/1323/699 784/1252/645
f 783/1324/700 778/1325/701 755/1326/702 762/1327/703
f 796/1328/704 794/1329/705 752/1330/706 761/1331/707
f 801/1332/708 758/1333/709 760/1319/695 803/1318/694
f 796/1328/704 761/1331/707 759/1334/710 802/1335/711
f 786/1336/687 792/1337/712 770/1338/713 765/1339/696
f 807/1340/693 810/1341/714 773/1342/715 720/1343/690
f 800/1344/716 757/1345/717 758/1333/709 801/1332/708
f 802/1335/711 759/1334/710 757/1345/717 800/1344/716
f 776/1321/697 783/1324/700 762/1327/703 753/1322/698
f 806/1312/691 764/1315/692 763/1323/699 805/1304/684
f 794/1346/705 798/1347/718 754/1348/719 752/1349/706
f 778/1350/701 789/1351/525 756/1352/525 755/1353/702
f 792/1337/712 769/1354/720 768/1355/721 791/1356/722
f 791/1356/722 768/1355/721 775/1266/659 793/1265/658
f 809/1357/723 767/1358/724 774/1262/655 811/1261/654
f 810/1341/714 770/1338/713 767/1358/724 809/1357/723
f 747/1359/686 768/1355/721 769/1354/720 748/1360/685
f 750/1361/689 772/1362/725 771/1363/726 713/1364/688
f 739/1267/660 775/1266/659 768/1355/721 747/1359/686
f 720/1343/690 773/1342/715 772/1362/725 750/1361/689
f 767/1358/724 791/1356/722 793/1265/658 774/1262/655
f 770/1338/713 792/1337/712 791/1356/722 767/1358/724
f 728/1230/628 706/1231/525 789/1351/525 778/1350/701
f 700/1232/529 705/1233/629 783/1324/700 776/1321/697
f 748/1360/685 769/1354/720 792/1337/712 786/1336/687
f 705/1233/629 728/1234/628 778/1325/701 783/1324/700
f 700/1232/529 776/1321/697 784/1252/645 738/1251/639
f 739/1313/660 751/1250/644 785/1249/643 787/1314/657
f 765/1320/696 760/1319/695 782/1281/674 786/1307/687
f 761/1331/707 752/1330/706 788/1286/641 790/1280/673
f 758/1333/709 780/1259/652 782/1281/674 760/1319/695
f 761/1331/707 790/1280/673 781/1257/650 759/1334/710
f 766/1263/656 774/1262/655 793/1265/658 787/1264/657
f 757/1345/717 779/1258/651 780/1259/652 758/1333/709
f 759/1334/710 781/1257/650 779/1258/651 757/1345/717
f 764/1315/692 785/1249/643 784/1252/645 763/1323/699
f 752/1349/706 754/1348/719 777/1248/642 788/1247/641
f 773/1342/715 810/1341/714 809/1357/723 772/1362/725
f 772/1362/725 809/1357/723 811/1261/654 771/1363/726
f 722/1279/672 696/1278/671 798/1347/718 794/1346/705
f 749/1293/678 806/1312/691 805/1304/684 699/1289/677
f 717/1282/675 802/1335/711 800/1344/716 716/1301/682
f 716/1301/682 800/1344/716 801/1332/708 715/1299/681
f 765/1339/696 770/1338/713 810/1341/714 807/1340/693
f 698/1285/676 796/1328/704 802/1335/711 717/1282/675
f 715/1299/681 801/1332/708 803/1318/694 746/1296/680
f 698/1285/676 722/1284/672 794/1329/705 796/1328/704
f 720/1310/690 746/1296/680 803/1318/694 807/1317/693
f 766/1316/656 764/1315/692 806/1312/691 808/1311/653
f 753/1322/698 797/1253/646 805/1304/684 763/1323/699
f 762/1327/703 755/1326/702 799/1290/634 804/1254/647
f 713/1364/688 771/1363/726 811/1261/654 808/1260/653
f 753/1322/698 762/1327/703 804/1254/647 797/1253/646
f 755/1353/702 756/1352/525 795/1240/525 799/1239/634
f 823/1365/727 837/1366/728 835/1367/729 813/1368/730
f 899/1369/731 895/1370/525 819/1371/732 836/1372/733
f 835/1367/729 834/1373/734 817/1374/735 813/1368/730
f 842/1375/736 844/1376/737 961/1377/738 916/1378/739
f 888/1379/740 877/1380/741 920/1381/742 919/1382/743
f 885/1383/744 851/1384/745 842/1385/736 884/1386/746
f 897/1387/747 904/1388/748 818/1389/749 816/1390/750
f 834/1373/734 836/1372/733 819/1371/732 817/1374/735
f 881/1391/751 942/1392/752 953/1393/753 879/1394/754
f 879/1394/754 953/1393/753 952/1395/755 880/1396/756
f 908/1397/757 911/1398/758 874/1399/759 866/1400/760
f 887/1401/761 893/1402/762 875/1403/763 843/1404/764
f 829/1405/765 832/1406/766 841/1407/767 820/1408/768
f 820/1408/768 841/1407/767 840/1409/769 821/1410/770
f 830/1411/771 839/1412/772 838/1413/773 822/1414/774
f 822/1414/774 838/1413/773 837/1366/728 823/1365/727
f 812/1415/775 833/1416/776 832/1406/766 829/1405/765
f 890/1417/777 939/1418/778 942/1392/752 881/1391/751
f 821/1410/770 840/1409/769 839/1412/772 830/1411/771
f 880/1396/756 952/1395/755 951/1419/779 882/1420/780
f 828/1421/781 832/1422/766 833/1423/776 814/1424/782
f 890/1417/777 888/1425/740 919/1426/743 939/1418/778
f 816/1390/750 834/1427/734 835/1428/729 815/1429/783
f 904/1388/748 899/1430/731 836/1431/733 818/1389/749
f 818/1389/749 836/1431/733 834/1427/734 816/1390/750
f 815/1429/783 835/1428/729 837/1432/728 849/1433/784
f 849/1433/784 837/1432/728 838/1434/773 825/1435/785
f 846/1436/786 839/1437/772 840/1438/769 826/1439/787
f 826/1439/787 840/1438/769 841/1440/767 827/1441/788
f 827/1441/788 841/1440/767 832/1422/766 828/1421/781
f 825/1435/785 838/1434/773 839/1437/772 846/1436/786
f 957/1442/789 961/1377/738 844/1376/737
f 851/1443/745 845/1444/790 844/1376/737 842/1375/736
f 950/1445/791 959/1446/792 845/1444/790 851/1443/745
f 897/1387/747 816/1390/750 815/1429/783 905/1447/793
f 959/1446/792 958/1448/789 845/1444/790
f 845/1444/790 958/1448/789 957/1442/789 844/1376/737
f 848/1449/794 951/1419/779 950/1450/791 847/1451/795
f 886/1452/796 882/1420/780 951/1419/779 848/1449/794
f 824/1453/797 849/1433/784 825/1435/785 850/1454/798
f 850/1454/798 825/1435/785 846/1436/786 831/1455/799
f 908/1456/757 906/1457/800 849/1433/784 824/1453/797
f 847/1451/795 950/1450/791 851/1384/745 843/1458/764
f 887/1459/761 885/1383/744 864/1460/801 866/1461/760
f 907/1462/802 903/1463/803 860/1464/804 865/1465/805
f 876/1466/806 853/1467/807 863/1468/808 884/1386/746
f 883/1469/809 878/1470/810 855/1471/811 862/1472/812
f 896/1473/813 894/1474/814 852/1475/815 861/1476/816
f 901/1477/817 858/1478/818 860/1464/804 903/1463/803
f 896/1473/813 861/1476/816 859/1479/819 902/1480/820
f 886/1481/796 892/1482/821 870/1483/822 865/1484/805
f 907/1485/802 910/1486/823 873/1487/824 831/1488/799
f 900/1489/825 857/1490/826 858/1478/818 901/1477/817
f 902/1480/820 859/1479/819 857/1490/826 900/1489/825
f 876/1466/806 883/1469/809 862/1472/812 853/1467/807
f 906/1457/800 864/1460/801 863/1468/808 905/1447/793
f 894/1491/814 898/1492/827 854/1493/828 852/1494/815
f 878/1495/810 889/1496/525 856/1497/525 855/1498/811
f 892/1482/821 869/1499/829 868/1500/830 891/1501/831
f 891/1501/831 868/1500/830 875/1403/763 893/1402/762
f 909/1502/832 867/1503/833 874/1399/759 911/1398/758
f 910/1486/823 870/1483/822 867/1503/833 909/1502/832
f 847/1504/795 868/1500/830 869/1499/829 848/1505/794
f 850/1506/798 872/1507/834 871/1508/835 824/1509/797
f 843/1404/764 875/1403/763 868/1500/830 847/1504/795
f 831/1488/799 873/1487/824 872/1507/834 850/1506/798
f 867/1503/833 891/1501/831 893/1402/762 874/1399/759
f 870/1483/822 892/1482/821 891/1501/831 867/1503/833
f 944/1510/836 922/1511/525 889/1496/525 878/1495/810
f 916/1512/739 921/1513/837 883/1469/809 876/1466/806
f 848/1505/794 869/1499/829 892/1482/821 886/1481/796
f 921/1513/837 944/1514/836 878/1470/810 883/1469/809
f 916/1512/739 876/1466/806 884/1386/746 842/1385/736
f 843/1458/764 851/1384/745 885/1383/744 887/1459/761
f 865/1465/805 860/1464/804 882/1420/780 886/1452/796
f 861/1476/816 852/1475/815 888/1425/740 890/1417/777
f 858/1478/818 880/1396/756 882/1420/780 860/1464/804
f 861/1476/816 890/1417/777 881/1391/751 859/1479/819
f 866/1400/760 874/1399/759 893/1402/762 887/1401/761
f 857/1490/826 879/1394/754 880/1396/756 858/1478/818
f 859/1479/819 881/1391/751 879/1394/754 857/1490/826
f 864/1460/801 885/1383/744 884/1386/746 863/1468/808
f 852/1494/815 854/1493/828 877/1380/741 888/1379/740
f 873/1487/824 910/1486/823 909/1502/832 872/1507/834
f 872/1507/834 909/1502/832 911/1398/758 871/1508/835
f 833/1416/776 812/1415/775 898/1492/827 894/1491/814
f 849/1433/784 906/1457/800 905/1447/793 815/1429/783
f 828/1421/781 902/1480/820 900/1489/825 827/1441/788
f 827/1441/788 900/1489/825 901/1477/817 826/1439/787
f 865/1484/805 870/1483/822 910/1486/823 907/1485/802
f 814/1424/782 896/1473/813 902/1480/820 828/1421/781
f 826/1439/787 901/1477/817 903/1463/803 846/1436/786
f 814/1424/782 833/1423/776 894/1474/814 896/1473/813
f 831/1455/799 846/1436/786 903/1463/803 907/1462/802
f 866/1461/760 864/1460/801 906/1457/800 908/1456/757
f 853/1467/807 897/1387/747 905/1447/793 863/1468/808
f 862/1472/812 855/1471/811 899/1430/731 904/1388/748
f 824/1509/797 871/1508/835 911/1398/758 908/1397/757
f 853/1467/807 862/1472/812 904/1388/748 897/1387/747
f 855/1498/811 856/1497/525 895/1370/525 899/1369/731
f 928/1515/838 913/1516/839 941/1517/840 945/1518/841
f 1015/1519/842 943/1520/843 924/1521/844 1011/1522/525
f 941/1517/840 913/1516/839 918/1523/845 940/1524/846
f 954/1525/847 916/1378/739 961/1377/738 956/1526/848
f 1004/1527/849 919/1382/743 920/1381/742 993/1528/850
f 1001/1529/851 1000/1530/852 954/1531/847 967/1532/853
f 1013/1533/854 917/1534/855 923/1535/856 1020/1536/857
f 940/1524/846 918/1523/845 924/1521/844 943/1520/843
f 997/1537/858 995/1538/859 953/1393/753 942/1392/752
f 995/1538/859 996/1539/860 952/1395/755 953/1393/753
f 1024/1540/861 982/1541/862 990/1542/863 1027/1543/864
f 1003/1544/865 955/1545/866 991/1546/867 1009/1547/868
f 934/1548/869 925/1549/870 949/1550/871 937/1551/872
f 925/1549/870 926/1552/873 948/1553/874 949/1550/871
f 935/1554/875 927/1555/876 946/1556/877 947/1557/878
f 927/1555/876 928/1515/838 945/1518/841 946/1556/877
f 912/1558/879 934/1548/869 937/1551/872 938/1559/880
f 1006/1560/881 997/1537/858 942/1392/752 939/1418/778
f 926/1552/873 935/1554/875 947/1557/878 948/1553/874
f 996/1539/860 998/1561/882 951/1419/779 952/1395/755
f 933/1562/883 914/1563/884 938/1564/880 937/1565/872
f 1006/1560/881 939/1418/778 919/1426/743 1004/1566/849
f 917/1534/855 915/1567/885 941/1568/840 940/1569/846
f 1020/1536/857 923/1535/856 943/1570/843 1015/1571/842
f 923/1535/856 917/1534/855 940/1569/846 943/1570/843
f 915/1567/885 965/1572/886 945/1573/841 941/1568/840
f 965/1572/886 930/1574/887 946/1575/877 945/1573/841
f 962/1576/888 931/1577/889 948/1578/874 947/1579/878
f 931/1577/889 932/1580/890 949/1581/871 948/1578/874
f 932/1580/890 933/1562/883 937/1565/872 949/1581/871
f 930/1574/887 962/1576/888 947/1579/878 946/1575/877
f 957/1442/789 956/1526/848 961/1377/738
f 967/1582/853 954/1525/847 956/1526/848 960/1583/891
f 950/1445/791 967/1582/853 960/1583/891 959/1446/792
f 1013/1533/854 1021/1584/892 915/1567/885 917/1534/855
f 959/1446/792 960/1583/891 958/1448/789
f 960/1583/891 956/1526/848 957/1442/789 958/1448/789
f 964/1585/893 963/1586/894 950/1450/791 951/1419/779
f 1002/1587/895 964/1585/893 951/1419/779 998/1561/882
f 929/1588/896 966/1589/897 930/1574/887 965/1572/886
f 966/1589/897 936/1590/898 962/1576/888 930/1574/887
f 1024/1591/861 929/1588/896 965/1572/886 1022/1592/899
f 963/1586/894 955/1593/866 967/1532/853 950/1450/791
f 1003/1594/865 982/1595/862 980/1596/900 1001/1529/851
f 1023/1597/901 981/1598/902 976/1599/903 1019/1600/904
f 992/1601/905 1000/1530/852 979/1602/906 969/1603/907
f 999/1604/908 978/1605/909 971/1606/910 994/1607/911
f 1012/1608/912 977/1609/913 968/1610/914 1010/1611/915
f 1017/1612/916 1019/1600/904 976/1599/903 974/1613/917
f 1012/1608/912 1018/1614/918 975/1615/919 977/1609/913
f 1002/1616/895 981/1617/902 986/1618/920 1008/1619/921
f 1023/1620/901 936/1621/898 989/1622/922 1026/1623/923
f 1016/1624/924 1017/1612/916 974/1613/917 973/1625/925
f 1018/1614/918 1016/1624/924 973/1625/925 975/1615/919
f 992/1601/905 969/1603/907 978/1605/909 999/1604/908
f 1022/1592/899 1021/1584/892 979/1602/906 980/1596/900
f 1010/1626/915 968/1627/914 970/1628/926 1014/1629/927
f 994/1630/911 971/1631/910 972/1632/525 1005/1633/525
f 1008/1619/921 1007/1634/928 984/1635/929 985/1636/930
f 1007/1634/928 1009/1547/868 991/1546/867 984/1635/929
f 1025/1637/931 1027/1543/864 990/1542/863 983/1638/932
f 1026/1623/923 1025/1637/931 983/1638/932 986/1618/920
f 963/1639/894 964/1640/893 985/1636/930 984/1635/929
f 966/1641/897 929/1642/896 987/1643/933 988/1644/934
f 955/1545/866 963/1639/894 984/1635/929 991/1546/867
f 936/1621/898 966/1641/897 988/1644/934 989/1622/922
f 983/1638/932 990/1542/863 1009/1547/868 1007/1634/928
f 986/1618/920 983/1638/932 1007/1634/928 1008/1619/921
f 944/1510/836 994/1630/911 1005/1633/525 922/1511/525
f 916/1512/739 992/1601/905 999/1604/908 921/1513/837
f 964/1640/893 1002/1616/895 1008/1619/921 985/1636/930
f 921/1513/837 999/1604/908 994/1607/911 944/1514/836
f 916/1512/739 954/1531/847 1000/1530/852 992/1601/905
f 955/1593/866 1003/1594/865 1001/1529/851 967/1532/853
f 981/1598/902 1002/1587/895 998/1561/882 976/1599/903
f 977/1609/913 1006/1560/881 1004/1566/849 968/1610/914
f 974/1613/917 976/1599/903 998/1561/882 996/1539/860
f 977/1609/913 975/1615/919 997/1537/858 1006/1560/881
f 982/1541/862 1003/1544/865 1009/1547/868 990/1542/863
f 973/1625/925 974/1613/917 996/1539/860 995/1538/859
f 975/1615/919 973/1625/925 995/1538/859 997/1537/858
f 980/1596/900 979/1602/906 1000/1530/852 1001/1529/851
f 968/1627/914 1004/1527/849 993/1528/850 970/1628/926
f 989/1622/922 988/1644/934 1025/1637/931 1026/1623/923
f 988/1644/934 987/1643/933 1027/1543/864 1025/1637/931
f 938/1559/880 1010/1626/915 1014/1629/927 912/1558/879
f 965/1572/886 915/1567/885 1021/1584/892 1022/1592/899
f 933/1562/883 932/1580/890 1016/1624/924 1018/1614/918
f 932/1580/890 931/1577/889 1017/1612/916 1016/1624/924
f 981/1617/902 1023/1620/901 1026/1623/923 986/1618/920
f 914/1563/884 933/1562/883 1018/1614/918 1012/1608/912
f 931/1577/889 962/1576/888 1019/1600/904 1017/1612/916
f 914/1563/884 1012/1608/912 1010/1611/915 938/1564/880
f 936/1590/898 1023/1597/901 1019/1600/904 962/1576/888
f 982/1595/862 1024/1591/861 1022/1592/899 980/1596/900
f 969/1603/907 979/1602/906 1021/1584/892 1013/1533/854
f 978/1605/909 1020/1536/857 1015/1571/842 971/1606/910
f 929/1642/896 1024/1540/861 1027/1543/864 987/1643/933
f 969/1603/907 1013/1533/854 1020/1536/857 978/1605/909
f 971/1631/910 1015/1519/842 1011/1522/525 972/1632/525
